rk,squad,comp,players,age,poss,playing_time_mp,playing_time_starts,playing_time_min,playing_time_90s,performance_gls,performance_ast,performance_g_plus_a,performance_g_minus_pk,performance_pk,performance_pkatt,performance_crdy,performance_crdr,expected_xg,expected_npxg,expected_xag,expected_npxg_plus_xag,progression_prgc,progression_prgp,per90_gls,per90_ast,per90_g_plus_a,per90_g_minus_pk,per90_g_plus_a_minus_pk,per90_xg,per90_xag,per90_xg_plus_xag,per90_npxg,per90_npxg_plus_xag,shooting_90s,shooting_gls,shooting_sh,shooting_sot,shooting_sot_pct,shooting_sh_per90,shooting_sot_per90,shooting_g_per_sh,shooting_g_per_sot,shooting_dist,shooting_fk,shooting_pk,shooting_pkatt,expected_npxg_per_sh,expected_g_minus_xg,expected_np_g_minus_xg,passing_90s,passing_cmp,passing_att,passing_cmp_pct,passing_totdist,passing_prgdist,short_cmp,short_att,short_cmp_pct,medium_cmp,medium_att,medium_cmp_pct,long_cmp,long_att,long_cmp_pct,expected_ast,expected_xa,expected_a_minus_xag,passing_kp,passing_final_third,passing_ppa,passing_crspa,passing_prgp,pass_types_90s,pass_types_att,pass_types_live,pass_types_dead,pass_types_fk,pass_types_tb,pass_types_sw,pass_types_crs,pass_types_ti,corner_ck,corner_in,corner_out,corner_str,outcomes_cmp,outcomes_off,outcomes_blocks,poss_90s,touches_total,touches_def_pen,touches_def_3rd,touches_mid_3rd,touches_att_3rd,touches_att_pen,takeons_live,takeons_att,takeons_succ,takeons_succ_pct,takeons_tkld,takeons_tkld_pct,carries_total,carries_totdist,carries_prgdist,carries_prgc,carries_final_third,carries_cpa,carries_mis,carries_dis,receiving_rec,receiving_prgr,def_90s,tackles_tkl,tackles_tklw,tackles_def_3rd,tackles_mid_3rd,tackles_att_3rd,challenges_tkl,challenges_att,challenges_tkl_pct,challenges_lost,blocks_blocks,blocks_sh,blocks_pass,blocks_int,blocks_tkl_int,blocks_clr,blocks_err,misc_90s,performance_2crdy,performance_fls,performance_fld,performance_off,performance_crs,performance_int,performance_tklw,performance_pkwon,performance_pkcon,performance_og,performance_recov,aerial_won,aerial_lost,aerial_won_pct,playing_time_min_per_mp,playing_time_min_pct,starts_starts,starts_min_per_start,starts_compl,subs_subs,subs_min_per_sub,subs_unsub,team_success_ppm,team_success_ong,team_success_onga,team_success_plus_minus,team_success_plus_minus_per90,team_success_xg_onxg,team_success_xg_onxga,team_success_xg_plus_minus,team_success_xg_plus_minus_per90,sca_90s,sca,sca_per90,sca_passlive,sca_passdead,sca_to,sca_sh,sca_fld,sca_def,gca,gca_per90,gca_passlive,gca_passdead,gca_to,gca_sh,gca_fld,gca_def,playing_time_ga,playing_time_ga90,performance_sota,performance_saves,performance_save_pct,performance_w,performance_d,performance_l,performance_cs,performance_cs_pct,penalty_pkatt,penalty_pka,penalty_pksv,penalty_pkm,penalty_save_pct,gk_90s,goals_ga,goals_pka,goals_fk,goals_ck,goals_og,expected_psxg,expected_psxg_per_sot,expected_psxg_plus_minus,expected_per90,launched_cmp,launched_att,launched_cmp_pct,passes_att_gk,passes_thr,passes_launch_pct,passes_avglen,goal_kicks_att,goal_kicks_launch_pct,goal_kicks_avglen,crosses_opp,crosses_stp,crosses_stp_pct,sweeper_opa,sweeper_opa_per90,sweeper_avgdist
1,Alavés,La Liga,24,27.9,50.1,20,220,"1,800",20,15,6,21,11,4,4,47,2,20.4,17.4,13.5,30.9,255,634,0.75,0.3,1.05,0.55,0.85,1.02,0.68,1.69,0.87,1.55,20,15,222,64,28.8,11.1,3.2,0.05,0.17,18.3,4,4,4,0.08,-5.4,-6.4,20,7113,9053,78.6,121521,45064,3478,3907,89,2781,3288,84.6,642,1309,49,6,12.3,-7.5,152,545,100,41,634,20,9053,8061,951,282,18,42,397,379,96,22,49,0,7113,41,186,20,11378,1020,3338,5516,2625,337,11374,373,148,39.7,186,49.9,5687,27566,13370,255,202,61,311,202,7060,630,20,352,214,169,146,37,165,341,48.4,176,211,64,147,165,517,466,10,20,2,298,266,42,397,165,214,2,2,0,835,304,317,49,90,100,220,80,124,96,23,122,0.95,16,25,-9,-0.45,20.4,22.8,-2.4,-0.12,20,375,18.75,267,37,25,18,20,8,21,1.05,12,0,1,3,4,1,25,1.25,76,51,69.7,5,4,11,3,15,2,2,0,0,0,20,25,2,0,0,0,24.9,0.31,-0.1,0,135,355,38,393,62,57.5,42.9,151,85.4,59.1,246,14,5.7,13,0.65,11.6
2,Angers,Ligue 1,25,26.1,41.8,18,198,"1,620",18,19,9,28,17,2,2,24,1,16.7,15.3,11.8,27.1,279,458,1.06,0.5,1.56,0.94,1.44,0.93,0.65,1.58,0.85,1.51,18,19,162,61,37.7,9,3.39,0.1,0.28,17.4,2,2,2,0.1,2.3,1.7,18,5972,7464,80,102863,37081,2746,3104,88.5,2547,2933,86.8,528,1035,51,9,10.1,-2.8,114,316,91,28,458,18,7464,6696,737,207,21,30,258,281,64,35,19,2,5972,31,137,18,9490,1234,3819,4162,1610,242,9488,264,93,35.2,162,61.4,5028,25794,13256,279,177,64,299,133,5941,456,18,319,214,166,126,27,160,271,59,111,197,51,146,170,489,431,11,18,0,203,194,32,258,170,214,1,4,0,721,182,204,47.2,90,100,198,82,112,85,19,77,1.22,20,25,-5,-0.28,16.7,28.2,-11.4,-0.64,18,267,14.83,208,17,10,17,5,10,28,1.56,21,0,1,5,1,0,25,1.39,100,73,76,6,4,8,5,27.8,4,1,2,1,66.7,18,25,1,0,3,0,26.8,0.25,1.8,0.1,58,194,29.9,433,91,34.9,32.7,148,29.1,28.7,278,29,10.4,10,0.56,10.1
3,Arsenal,Premier League,24,26.6,58,22,242,"1,980",22,37,27,64,34,3,3,30,0,35.8,33.5,23.9,57.4,453,938,1.68,1.23,2.91,1.55,2.77,1.63,1.09,2.72,1.52,2.61,22,37,325,103,31.7,14.77,4.68,0.1,0.33,14.6,6,3,3,0.11,1.2,0.5,22,9284,11213,82.8,161368,49326,4089,4548,89.9,4382,4914,89.2,658,1297,50.7,27,22.9,3.1,221,767,211,32,938,22,11213,10333,847,229,76,33,409,361,118,96,7,0,9284,33,164,22,13477,1169,3598,6152,3836,670,13474,375,157,41.9,167,44.5,7625,42323,22522,453,320,133,298,158,9141,923,22,332,190,136,136,60,142,266,53.4,124,184,56,128,151,483,488,12,22,0,223,227,33,409,151,190,2,0,0,826,321,308,51,90,100,242,81,148,95,23,103,2.27,40,14,26,1.18,35.8,14.8,21,0.96,22,545,24.77,402,33,31,50,21,8,67,3.05,50,3,4,5,3,2,14,0.64,46,32,69.6,15,5,2,11,50,0,0,0,0,,22,14,0,1,2,0,12.1,0.27,-1.9,-0.09,94,292,32.2,634,97,38.5,33.6,104,46.2,38,191,20,10.5,38,1.73,18.4
4,Aston Villa,Premier League,26,28.4,53.3,22,242,"1,980",22,32,24,56,32,0,0,33,1,25,25,18.9,43.9,293,749,1.45,1.09,2.55,1.45,2.55,1.14,0.86,2,1.14,2,22,32,263,94,35.7,11.95,4.27,0.12,0.34,15.9,9,0,0,0.11,7,7,22,8298,10053,82.5,143001,49529,3746,4122,90.9,3653,4130,88.5,669,1284,52.1,24,16,5.1,182,589,170,29,749,22,10053,9031,1000,353,46,37,338,320,105,66,8,0,8298,22,186,22,12345,1725,4391,5187,2869,477,12345,386,143,37,190,49.2,7283,36625,18547,293,215,80,286,243,8132,741,22,325,195,150,138,37,152,297,51.2,145,220,88,132,132,457,478,22,22,0,222,301,23,338,132,195,0,2,1,751,240,240,50,90,100,242,82,143,102,19,96,1.95,33,25,8,0.36,25,30.1,-5.1,-0.23,22,432,19.64,312,38,22,34,17,9,55,2.5,37,5,3,6,3,1,25,1.14,87,62,72.4,13,4,5,6,27.3,2,1,1,0,50,22,25,1,0,6,1,25.3,0.28,1.3,0.06,100,279,35.8,699,88,33.2,31.6,177,26.6,25.3,297,32,10.8,23,1.05,11.6
5,Atalanta,Serie A,24,27.1,55.9,21,231,"1,890",21,26,17,43,25,1,1,30,1,28.8,28.1,20.8,48.9,418,904,1.24,0.81,2.05,1.19,2,1.37,0.99,2.36,1.34,2.33,21,26,297,86,29,14.14,4.1,0.08,0.29,16.4,5,1,1,0.1,-2.8,-3.1,21,8879,10710,82.9,158998,53398,3911,4347,90,3928,4439,88.5,872,1466,59.5,17,23.6,-3.8,215,724,184,39,904,21,10710,9778,895,248,23,54,395,368,116,72,34,0,8879,37,145,21,12926,1281,4051,5691,3315,524,12925,371,165,44.5,169,45.6,7572,37384,18937,418,268,120,304,167,8828,894,21,320,194,142,127,51,162,282,57.4,120,179,55,124,143,463,455,10,21,1,239,222,38,395,143,194,0,2,1,843,271,271,50,90,100,231,80,132,98,23,140,1.52,26,20,6,0.29,28.8,19.3,9.5,0.45,21,505,24.05,380,37,28,35,15,10,38,1.81,28,3,0,5,0,2,20,0.95,81,61,76.5,8,8,5,7,33.3,2,1,1,0,50,21,20,1,0,2,1,19.6,0.23,0.6,0.03,110,286,38.5,596,84,35.4,33.8,124,60.5,46.9,251,12,4.8,27,1.29,15.6
6,Athletic Club,La Liga,25,27.9,49.3,20,220,"1,800",20,18,10,28,15,3,4,45,6,25.7,22.5,16.7,39.3,335,818,0.9,0.5,1.4,0.75,1.25,1.28,0.84,2.12,1.13,1.96,20,18,271,85,31.4,13.55,4.25,0.06,0.18,15.8,1,3,4,0.09,-7.7,-7.5,20,6983,8911,78.4,124459,45363,3084,3531,87.3,3077,3633,84.7,684,1327,51.5,10,17.2,-6.7,174,629,160,49,818,20,8911,7939,950,293,23,51,462,402,107,37,40,1,6983,22,175,20,11217,922,3051,5285,2987,446,11213,363,144,39.7,181,49.9,5911,30025,16298,335,256,69,380,171,6940,813,20,284,182,94,142,48,153,312,49,159,202,42,160,177,461,442,17,20,1,265,232,22,462,177,182,4,0,1,856,259,269,49.1,90,100,220,79,120,98,24,131,1.2,19,28,-9,-0.45,25.7,19.2,6.5,0.33,20,427,21.35,317,35,19,29,17,10,28,1.4,15,1,4,3,3,2,28,1.4,80,55,66.3,7,3,10,5,25,2,1,1,0,50,20,28,1,1,2,1,23.9,0.31,-3.1,-0.15,83,276,30.1,527,79,38.7,34.4,105,68.6,52.8,202,15,7.4,52,2.6,20.4
7,Atlético Madrid,La Liga,23,28.1,53.5,20,220,"1,800",20,32,21,53,30,2,3,36,2,30.4,28.3,23.7,51.9,369,822,1.6,1.05,2.65,1.5,2.55,1.52,1.18,2.7,1.41,2.6,20,32,264,107,40.5,13.2,5.35,0.11,0.28,15.1,5,2,3,0.12,1.6,1.7,20,8732,10504,83.1,153630,53433,3962,4342,91.2,3696,4206,87.9,851,1419,60,21,23.3,-2.7,189,673,213,54,822,20,10504,9562,900,213,37,60,419,363,129,40,57,0,8732,42,167,20,12517,1214,3809,5567,3239,502,12514,336,137,40.8,166,49.4,7176,36020,19046,369,276,108,266,149,8678,817,20,303,200,150,105,48,152,330,46.1,178,180,47,133,151,454,407,14,20,1,231,190,44,419,151,200,2,2,0,792,278,244,53.3,90,100,220,79,124,99,23,138,2.05,35,17,18,0.9,30.4,22.3,8.1,0.4,20,439,21.95,344,29,28,20,13,5,54,2.7,36,1,5,8,4,0,17,0.85,57,40,71.9,12,5,3,8,40,2,1,0,1,0,20,17,1,0,1,0,17.4,0.3,0.4,0.02,108,241,44.8,489,75,29.2,32.3,159,61.6,44,254,17,6.7,15,0.75,12.2
8,Augsburg,Bundesliga,25,26.2,46.1,18,198,"1,620",18,20,11,31,19,1,1,50,1,18.5,17.7,13.4,31.1,221,558,1.11,0.61,1.72,1.06,1.67,1.03,0.75,1.77,0.98,1.73,18,20,225,72,32,12.5,4,0.08,0.26,16.4,7,1,1,0.09,1.5,1.3,18,5679,7320,77.6,101581,38306,2504,2880,86.9,2503,2898,86.4,558,1161,48.1,11,15.2,-2.4,148,477,113,42,558,18,7320,6499,781,224,14,21,331,308,68,30,21,0,5679,40,156,18,9374,1030,3054,4166,2244,330,9373,265,108,40.8,125,47.2,4608,22629,11134,221,157,56,307,143,5642,554,18,263,175,125,100,38,135,245,55.1,110,216,62,154,155,418,469,12,18,1,219,219,42,331,155,175,1,4,1,684,243,264,47.9,90,100,198,81,113,84,22,75,0.89,20,35,-15,-0.83,18.5,28.8,-10.3,-0.57,18,353,19.61,261,29,19,23,13,8,27,1.5,21,2,1,2,1,0,35,1.94,77,42,58.4,4,4,10,3,16.7,4,3,1,0,25,18,35,3,1,2,1,27,0.31,-7,-0.39,92,295,31.2,577,51,37.6,34.6,134,58.2,45,205,11,5.4,37,2.06,15.9
9,Auxerre,Ligue 1,28,25.3,44.9,18,198,"1,620",18,12,7,19,9,3,5,44,6,20.3,16.5,12.7,29.2,240,531,0.67,0.39,1.06,0.5,0.89,1.13,0.71,1.84,0.92,1.62,18,12,191,59,30.9,10.61,3.28,0.05,0.15,17.7,3,3,5,0.09,-8.3,-7.5,18,5642,7127,79.2,103150,37741,2418,2750,87.9,2396,2748,87.2,671,1257,53.4,7,11.5,-5.7,138,491,91,29,531,18,7127,6295,811,257,16,49,297,312,87,17,53,0,5642,21,123,18,8988,895,2994,3952,2163,274,8983,278,123,44.2,133,47.8,5016,25054,11916,240,166,58,288,160,5611,527,18,300,204,145,119,36,128,233,54.9,105,168,40,128,192,492,356,9,18,3,253,252,21,297,192,204,3,2,2,682,207,239,46.4,90,100,198,83,116,76,17,84,0.67,14,28,-14,-0.78,20.3,24,-3.6,-0.2,18,327,18.17,232,34,15,23,13,10,19,1.06,13,2,0,1,2,1,28,1.56,85,58,68.2,3,3,12,3,16.7,2,1,1,0,50,18,28,1,1,5,2,25.3,0.29,-0.7,-0.04,94,295,31.9,430,64,51.9,40.5,112,64.3,49.4,210,8,3.8,21,1.17,14.6
10,Barcelona,La Liga,26,25.3,67.8,20,220,"1,800",20,53,40,93,49,4,6,31,2,43.3,38.7,30.6,69.3,476,1021,2.65,2,4.65,2.45,4.45,2.17,1.53,3.7,1.93,3.46,20,53,392,142,36.2,19.6,7.1,0.13,0.35,16.8,14,4,6,0.11,9.7,10.3,20,11403,12960,88,181569,56590,5641,6062,93.1,4804,5261,91.3,605,969,62.4,40,31.9,9.4,282,980,226,27,1021,20,12960,12040,880,300,50,43,284,327,135,72,7,0,11403,40,175,20,15169,1024,3553,7209,4532,661,15163,467,218,46.7,206,44.1,8802,47665,24673,476,343,184,276,156,11339,1019,20,312,185,124,128,60,147,263,55.9,116,185,45,140,137,449,335,10,20,2,188,229,43,284,137,185,4,4,0,761,211,150,58.4,90,100,220,81,124,94,21,124,2.45,54,22,32,1.6,43.3,24.9,18.4,0.92,20,683,34.15,522,38,44,47,22,10,96,4.8,74,5,8,6,2,1,22,1.1,74,51,74.3,16,1,3,7,35,4,3,1,0,25,20,22,3,0,4,0,27.2,0.32,5.2,0.26,28,85,32.9,561,118,13,25.9,80,15,26.2,176,8,4.5,84,4.2,23.3
11,Bayern Munich,Bundesliga,27,28.4,67.3,18,198,"1,620",18,68,55,123,62,6,6,33,0,46.9,42.6,34.5,77.1,392,976,3.78,3.06,6.83,3.44,6.5,2.61,1.92,4.53,2.37,4.29,18,68,344,147,42.7,19.11,8.17,0.18,0.42,14.7,5,6,6,0.14,21.1,19.4,18,10912,12293,88.8,174656,54100,5704,6069,94,4041,4406,91.7,811,1192,68,55,37,20.5,246,975,222,25,976,18,12293,11553,701,166,69,84,291,326,93,60,1,1,10912,39,137,18,14003,837,2894,6854,4343,597,13997,325,136,41.8,162,49.8,9247,42538,21653,392,307,155,231,123,10853,971,18,184,134,84,69,31,83,180,46.1,97,154,43,111,141,325,263,16,18,0,159,147,46,291,141,134,3,1,0,719,158,148,51.6,90,100,198,81,116,83,21,79,2.78,71,14,57,3.17,46.9,11.9,35,1.94,18,572,31.78,470,24,32,27,15,4,109,6.06,78,5,11,9,5,1,14,0.78,36,22,61.1,16,2,0,8,44.4,1,0,0,1,,18,14,0,1,3,0,9.5,0.26,-4.5,-0.25,73,162,45.1,569,78,25.5,30.1,88,19.3,26.2,146,10,6.8,47,2.61,20.4
12,Bologna,Serie A,27,27,55.2,21,231,"1,890",21,30,21,51,27,3,4,43,3,25,21.9,17.9,39.8,303,675,1.43,1,2.43,1.29,2.29,1.19,0.85,2.04,1.04,1.9,21,30,273,80,29.3,13,3.81,0.1,0.34,15.5,5,3,4,0.09,5,5.1,21,7102,8926,79.6,140000,46862,2483,2815,88.2,3475,3971,87.5,998,1704,58.6,21,14.8,3.1,179,607,133,49,675,21,8926,7950,937,323,13,79,418,372,92,21,48,0,7102,39,136,21,10967,1109,3575,5099,2389,385,10963,295,118,40,127,43.1,6052,31741,14810,303,190,88,276,163,7004,670,21,284,182,122,122,40,134,231,58,97,150,42,108,146,430,453,18,21,1,308,308,41,418,146,182,1,2,1,729,255,291,46.7,90,100,231,79,124,105,24,185,1.43,30,24,6,0.29,25,23.6,1.5,0.07,21,422,20.1,303,43,17,33,15,11,45,2.14,36,3,1,1,2,2,24,1.14,82,58,73.2,8,6,7,6,28.6,2,2,0,0,0,21,24,2,0,5,0,22.9,0.27,-1.1,-0.05,86,273,31.5,788,90,27.9,30.9,111,47.7,41.2,216,12,5.6,27,1.29,11.9
13,Bournemouth,Premier League,24,25.7,49.8,22,242,"1,980",22,35,18,53,32,3,4,54,1,32,29.7,18.5,48.2,392,800,1.59,0.82,2.41,1.45,2.27,1.46,0.84,2.3,1.35,2.19,22,35,298,102,34.2,13.55,4.64,0.11,0.31,17.4,13,3,4,0.11,3,2.3,22,7392,9613,76.9,130000,46112,3301,3760,87.8,3210,3765,85.3,699,1552,45,18,17.3,-0.5,192,681,180,53,800,22,9613,8594,974,227,32,36,454,407,118,85,6,0,7392,45,185,22,12265,1324,3825,5307,3275,518,12261,407,166,40.8,194,47.7,6666,37183,20493,392,297,102,326,179,7324,793,22,364,222,172,136,56,199,366,54.4,167,250,75,175,204,568,662,11,22,0,276,217,47,454,204,222,1,3,1,925,330,393,45.6,90,100,242,82,141,102,20,96,1.23,35,41,-6,-0.27,32,31.2,0.8,0.04,22,498,22.64,371,30,26,32,24,15,52,2.36,40,2,3,3,3,1,41,1.86,101,61,62.4,6,9,7,5,22.7,3,3,0,0,0,22,41,3,2,8,1,33.5,0.31,-6.5,-0.29,80,252,31.7,442,101,36.9,33.2,161,55.3,43.7,274,22,8,35,1.59,13.8
14,Brentford,Premier League,23,25.7,46.8,22,242,"1,980",22,34,21,55,29,5,7,43,0,33.8,28.3,22.7,51,256,612,1.55,0.95,2.5,1.32,2.27,1.53,1.03,2.57,1.29,2.32,22,34,224,85,37.9,10.18,3.86,0.13,0.34,14,4,5,7,0.14,0.2,0.7,22,6791,8915,76.2,123731,47106,2933,3386,86.6,2936,3489,84.2,761,1610,47.3,21,18,-1.7,151,495,141,38,612,22,8915,7984,894,203,25,25,385,395,103,68,20,3,6791,37,124,22,11504,1540,4278,4906,2436,472,11497,360,133,36.9,193,53.6,5554,28117,13750,256,174,81,337,175,6715,604,22,326,200,130,143,53,149,295,50.5,146,242,94,148,193,519,659,13,22,0,231,195,38,385,193,200,6,5,2,918,407,374,52.1,90,100,242,84,152,90,15,108,1.5,35,30,5,0.23,33.8,28,5.8,0.26,22,365,16.59,255,44,19,19,19,9,58,2.64,40,5,6,2,4,1,30,1.36,86,56,68.6,10,3,9,5,22.7,6,3,3,0,50,22,30,3,0,1,2,26.1,0.27,-1.9,-0.09,124,344,36,661,99,38.3,33.9,144,63.2,47.2,322,18,5.6,23,1.05,13.6
15,Brest,Ligue 1,26,27.2,43.6,18,198,"1,620",18,23,16,39,18,5,7,31,4,26.1,20.5,16.5,37,184,496,1.28,0.89,2.17,1,1.89,1.45,0.91,2.36,1.14,2.05,18,23,204,64,31.4,11.33,3.56,0.09,0.28,17.8,3,5,7,0.11,-3.1,-2.5,18,5578,7219,77.3,111416,39943,2076,2423,85.7,2612,3052,85.6,807,1442,56,16,14.7,-0.5,138,424,111,41,496,18,7219,6425,773,211,27,70,292,317,77,35,33,0,5578,21,117,18,9116,1066,3218,3982,1999,310,9109,234,95,40.6,128,54.7,5078,23961,11868,184,145,53,289,116,5520,489,18,308,208,125,124,59,148,297,49.8,149,180,52,128,161,469,394,11,18,0,240,195,22,292,161,208,4,2,1,691,269,239,53,90,100,198,83,126,69,19,88,1.22,24,29,-5,-0.28,26.1,24.4,1.6,0.09,18,352,19.56,238,35,17,27,23,12,38,2.11,27,1,4,2,4,0,29,1.62,79,51,65.8,6,4,8,5,27.8,2,2,0,0,0,18,29,2,1,3,1,24,0.29,-4,-0.22,115,287,40.1,478,72,43.3,36,124,64.5,49.2,264,16,6.1,14,0.78,10.1
16,Brighton,Premier League,26,26,52.5,22,242,"1,980",22,31,18,49,28,3,5,57,0,32.7,28.9,21.6,50.5,423,767,1.41,0.82,2.23,1.27,2.09,1.49,0.98,2.47,1.31,2.3,22,31,289,92,31.8,13.14,4.18,0.1,0.3,17,11,3,5,0.11,-1.7,-0.9,22,8668,10548,82.2,150071,51227,3941,4374,90.1,3789,4279,88.5,723,1342,53.9,18,17.8,-3.6,197,653,144,51,767,22,10548,9632,878,226,23,58,366,341,98,78,4,1,8668,38,158,22,13098,1538,4513,5680,3037,520,13093,411,172,41.8,198,48.2,7692,41285,22524,423,266,117,360,215,8552,758,22,387,251,160,160,67,189,400,47.3,211,229,66,163,178,565,498,17,22,0,265,217,39,366,178,251,3,5,3,899,285,293,49.3,90,100,242,81,138,104,20,94,1.36,32,29,3,0.14,32.7,30,2.8,0.13,22,479,21.77,348,34,34,34,20,9,46,2.09,27,1,5,10,3,0,29,1.32,86,60,72.1,7,9,6,5,22.7,6,5,1,0,16.7,22,29,5,0,3,3,29.1,0.3,3.1,0.14,56,218,25.7,759,89,24.5,28.3,165,19.4,20.7,264,11,4.2,26,1.18,14.4
17,Burnley,Premier League,25,27.7,41,22,242,"1,980",22,22,16,38,20,2,2,36,2,17.9,16.3,12.6,28.9,217,536,1,0.73,1.73,0.91,1.64,0.81,0.57,1.38,0.74,1.31,22,22,192,59,30.7,8.73,2.68,0.1,0.34,17.3,11,2,2,0.09,4.1,3.7,22,6523,8658,75.3,113687,42773,3139,3570,87.9,2573,3100,83,615,1449,42.4,16,11.5,3.4,133,510,113,30,536,22,8658,7670,956,207,26,68,267,376,77,62,3,1,6523,32,184,22,11191,1495,3963,4947,2384,346,11189,275,91,33.1,153,55.6,5713,25791,12743,217,164,61,308,177,6483,531,22,367,218,162,163,42,171,321,53.3,150,267,91,176,204,571,658,22,22,1,221,185,34,267,204,218,1,5,3,766,342,412,45.4,90,100,242,83,142,98,17,99,0.64,23,42,-19,-0.86,17.9,41,-23.1,-1.05,22,323,14.68,227,29,13,25,21,8,37,1.68,28,2,1,5,1,0,42,1.91,122,83,69.7,3,5,14,3,13.6,6,5,0,1,0,22,42,5,0,7,3,40.1,0.3,1.1,0.05,147,454,32.4,558,92,45.7,35.7,234,85,59.7,378,14,3.7,13,0.59,10
18,Cagliari,Serie A,26,25.4,45.1,21,231,"1,890",21,22,19,41,21,1,1,50,0,19.4,18.6,16.2,34.8,292,548,1.05,0.9,1.95,1,1.9,0.92,0.77,1.69,0.88,1.66,21,22,211,68,32.2,10.05,3.24,0.1,0.31,17.7,11,1,1,0.09,2.6,2.4,21,6771,8545,79.2,119249,44985,3007,3394,88.6,2956,3468,85.2,631,1239,50.9,19,11.5,2.8,165,421,106,47,548,21,8545,7530,983,321,15,47,294,365,69,22,36,0,6771,32,142,21,10768,1311,4180,4765,1913,295,10767,279,112,40.1,130,46.6,5851,26854,13834,292,182,73,303,148,6702,541,21,319,194,174,116,29,172,307,56,135,184,64,120,173,492,539,19,21,0,330,304,32,294,173,194,1,1,0,673,234,273,46.2,90,100,231,80,131,100,23,180,1.05,22,30,-8,-0.38,19.4,29.6,-10.3,-0.49,21,367,17.48,262,36,20,23,20,6,38,1.81,25,3,3,4,2,1,30,1.43,109,79,73.4,5,7,9,4,19,1,1,0,0,0,21,30,1,2,3,0,33,0.3,3,0.14,93,264,35.2,472,88,45.1,35.8,178,28.7,28.4,269,33,12.3,20,0.95,12.4
19,Celta Vigo,La Liga,26,26.7,49.5,20,220,"1,800",20,28,17,45,23,5,5,41,1,24.4,21.3,17.1,38.4,303,732,1.4,0.85,2.25,1.15,2,1.22,0.85,2.08,1.07,1.92,20,28,203,78,38.4,10.15,3.9,0.11,0.29,17.4,3,5,5,0.11,3.6,1.7,20,8363,9972,83.9,148316,48513,3506,3834,91.4,3976,4424,89.9,695,1243,55.9,17,17.6,-0.1,155,650,129,18,732,20,9972,9063,874,267,63,69,226,347,72,21,32,0,8363,35,162,20,11993,1349,3996,5537,2547,333,11989,302,119,39.4,154,51,6747,31908,17219,303,207,94,257,127,8316,729,20,292,171,140,111,41,150,281,53.4,131,175,57,118,155,447,505,17,20,1,233,231,39,226,155,171,4,7,1,725,152,177,46.2,90,100,220,80,120,100,23,139,1.6,28,20,8,0.4,24.4,24.8,-0.4,-0.02,20,356,17.8,290,23,12,13,10,8,45,2.25,31,2,2,4,4,2,20,1,85,64,78.8,8,8,4,6,30,7,2,2,3,50,20,20,2,0,5,1,21.7,0.22,2.7,0.13,51,190,26.8,397,101,32.2,32.6,149,41.6,39.4,280,14,5,12,0.6,11.7
20,Chelsea,Premier League,25,24.7,56.8,22,242,"1,980",22,36,25,61,33,3,3,52,5,36.8,35.2,28.4,63.6,431,846,1.64,1.14,2.77,1.5,2.64,1.67,1.29,2.96,1.6,2.89,22,36,296,99,33.4,13.45,4.5,0.11,0.33,15.9,10,3,3,0.12,-0.8,-2.2,22,9802,11664,84,167779,53907,4547,4943,92,4388,4858,90.3,698,1392,50.1,25,23.7,-3.4,218,725,178,33,846,22,11664,10702,932,279,52,34,380,336,124,91,3,0,9802,30,164,22,14019,1409,4353,6504,3305,543,14017,412,166,40.3,190,46.1,8665,42049,22344,431,264,131,336,182,9706,832,22,339,217,148,131,60,167,294,56.8,127,193,58,135,222,561,478,16,22,1,248,256,30,380,222,217,1,0,0,857,304,265,53.4,90,100,242,79,148,90,27,108,1.55,36,24,12,0.55,36.8,28.4,8.3,0.38,22,506,23,390,26,27,34,15,14,63,2.86,41,6,7,5,3,1,24,1.09,80,55,70,9,7,6,9,40.9,0,0,0,0,,22,24,0,0,4,0,24.9,0.33,0.9,0.04,106,353,30,758,101,37.3,33.8,148,47.3,39.6,257,29,11.3,24,1.09,13.4
21,Como,Serie A,24,25.9,60.9,21,231,"1,890",21,31,25,56,29,2,4,49,2,25.3,23,18.5,41.5,370,754,1.48,1.19,2.67,1.38,2.57,1.21,0.88,2.09,1.09,1.98,21,31,287,103,35.9,13.67,4.9,0.1,0.28,16.4,7,2,4,0.09,5.7,6,21,8774,10391,84.4,150087,50705,4024,4402,91.4,3884,4349,89.3,664,1164,57,25,17.1,6.5,201,591,139,34,754,21,10391,9496,878,271,30,56,320,385,76,16,38,0,8774,17,160,21,12550,1208,3951,6008,2697,437,12547,343,147,42.9,167,48.7,7352,36755,18805,370,253,110,303,170,8633,743,21,325,202,137,146,42,136,277,49.1,141,183,56,127,150,475,421,12,21,0,300,242,17,320,150,202,3,2,0,748,256,226,53.1,90,100,231,80,126,103,23,165,1.76,31,16,15,0.71,25.3,19.7,5.7,0.27,21,471,22.43,347,33,31,29,23,8,50,2.38,40,1,2,3,4,0,16,0.76,73,57,80.8,10,7,4,10,47.6,3,2,1,0,33.3,21,16,2,0,2,0,18,0.23,2,0.09,87,203,42.9,667,93,26.5,30,114,22.8,23.4,186,19,10.2,55,2.62,18.4
22,Cremonese,Serie A,27,28.5,45.8,21,231,"1,890",21,20,15,35,18,2,2,44,1,19.6,18,15,33,209,520,0.95,0.71,1.67,0.86,1.57,0.93,0.72,1.65,0.86,1.57,21,20,176,61,34.7,8.38,2.9,0.1,0.3,17.2,4,2,2,0.11,0.4,0,21,6378,8390,76,117415,44091,2653,3035,87.4,2900,3419,84.8,692,1485,46.6,15,11,0,123,413,90,33,520,21,8390,7381,977,287,11,44,333,379,65,33,29,0,6378,32,145,21,10674,1683,4318,4581,1892,257,10672,230,93,40.4,117,50.9,5549,26794,12445,209,175,35,292,156,6316,515,21,297,167,146,119,32,147,274,53.6,127,225,95,130,154,451,626,17,21,0,273,253,35,333,154,167,2,3,1,716,278,309,47.4,90,100,231,81,132,99,21,157,1.1,20,28,-8,-0.38,19.6,32.7,-13.1,-0.63,21,292,13.9,189,40,13,23,22,5,36,1.71,21,5,2,4,3,1,28,1.33,114,86,77.2,5,8,8,6,28.6,3,2,1,0,33.3,21,28,2,0,1,1,28.3,0.23,1.3,0.06,103,399,25.8,707,106,43,36.9,198,48,38.4,333,26,7.8,14,0.67,12.5
23,Crystal Palace,Premier League,25,26.8,43,22,242,"1,980",22,22,12,34,18,4,4,41,0,33.2,30.2,21.3,51.4,276,683,1,0.55,1.55,0.82,1.36,1.51,0.97,2.48,1.37,2.34,22,22,248,77,31,11.27,3.5,0.07,0.23,15.8,2,4,4,0.13,-11.2,-12.2,22,6498,8676,74.9,117186,44233,2788,3269,85.3,2920,3444,84.8,648,1469,44.1,12,20.7,-9.3,161,492,148,34,683,22,8676,7760,873,218,45,48,332,361,82,70,6,0,6498,43,172,22,11324,1434,4176,4809,2449,500,11320,248,93,37.5,124,50,5717,27475,14371,276,210,63,301,179,6452,678,22,415,258,210,153,52,187,349,53.6,162,242,60,182,195,610,735,13,22,0,221,194,45,332,195,258,4,2,0,839,374,412,47.6,90,100,242,85,169,73,16,125,1.27,23,25,-2,-0.09,33.2,27.4,5.8,0.27,22,425,19.32,302,42,19,38,14,10,38,1.73,24,3,1,5,4,1,25,1.14,86,61,73.3,7,7,8,8,36.4,2,2,0,0,0,22,25,2,1,5,0,26.7,0.3,1.7,0.08,88,366,24,551,82,49.5,38.7,168,55.4,45,312,12,3.8,18,0.82,12.3
24,Dortmund,Bundesliga,23,27.1,53.2,18,198,"1,620",18,35,26,61,33,2,3,33,2,25.2,23.7,19.1,42.7,275,774,1.94,1.44,3.39,1.83,3.28,1.4,1.06,2.46,1.32,2.37,18,35,220,84,38.2,12.22,4.67,0.15,0.39,14.1,2,2,3,0.13,9.8,9.3,18,7236,8764,82.6,128983,42694,3030,3393,89.3,3486,3903,89.3,594,1095,54.2,26,27.7,6.9,145,634,169,43,774,18,8764,8006,737,200,17,48,321,317,83,57,12,0,7236,21,141,18,10634,971,2846,4950,2919,381,10632,275,112,40.7,143,52,5939,28959,15563,275,235,58,265,135,7191,769,18,226,164,99,91,36,108,196,55.1,88,189,44,145,147,373,422,13,18,0,205,180,23,321,147,164,2,2,0,701,225,197,53.3,90,100,198,83,113,83,15,75,2.17,35,17,18,1,25.2,16.2,9,0.5,18,350,19.44,271,23,19,18,13,6,55,3.06,45,2,2,3,3,0,17,0.94,61,44,75.4,11,6,1,9,50,2,2,0,0,0,18,17,2,0,2,0,16.8,0.26,-0.2,-0.01,57,180,31.7,438,57,36.3,32.4,106,19.8,23.8,218,8,3.7,16,0.89,15.1
25,Eintracht Frankfurt,Bundesliga,27,25.6,52.6,18,198,"1,620",18,38,29,67,35,3,3,32,0,23.8,21.4,17.4,38.8,258,674,2.11,1.61,3.72,1.94,3.56,1.32,0.97,2.29,1.19,2.16,18,38,217,76,35,12.06,4.22,0.16,0.46,15.1,5,3,3,0.11,14.2,13.6,18,7120,8760,81.3,124948,44276,3205,3563,90,3166,3634,87.1,622,1163,53.5,29,18.5,11.6,159,565,134,29,674,18,8760,7977,763,189,17,39,285,335,75,55,9,0,7120,20,163,18,10666,1062,3377,4973,2402,386,10663,227,100,44.1,115,50.7,6134,26851,13532,258,173,73,265,149,7078,670,18,274,179,129,109,36,138,228,60.5,90,177,35,142,175,449,420,12,18,0,201,157,22,285,175,179,3,2,0,617,235,275,46.1,90,100,198,80,112,87,22,75,1.5,38,39,-1,-0.06,23.8,21.7,2.2,0.12,18,361,20.06,281,31,13,11,21,4,60,3.33,46,3,5,3,3,0,39,2.17,82,43,54.9,7,6,5,3,16.7,2,2,0,0,0,18,39,2,3,2,0,25.3,0.29,-13.7,-0.76,82,228,36,554,93,34.8,31.9,115,30.4,31.1,195,15,7.7,18,1,14.3
26,Elche,La Liga,27,27.1,58.5,20,220,"1,800",20,26,21,47,26,0,1,38,3,21.4,20.6,16.2,36.8,334,766,1.3,1.05,2.35,1.3,2.35,1.07,0.81,1.88,1.03,1.84,20,26,224,75,33.5,11.2,3.75,0.12,0.35,15.6,4,0,1,0.1,4.6,5.4,20,9294,10886,85.4,150271,53527,4806,5156,93.2,3546,3937,90.1,668,1259,53.1,21,16.8,4.8,171,711,140,45,766,20,10886,9983,870,315,10,54,317,307,64,13,12,0,9294,33,123,20,12944,1178,4069,5866,3136,371,12943,338,165,48.8,147,43.5,7178,36914,18930,334,245,81,330,171,9174,759,20,316,201,164,119,33,156,274,56.9,118,160,61,99,163,479,429,14,20,1,256,282,33,317,163,201,0,3,0,795,198,224,46.9,90,100,220,81,119,100,19,132,1.2,27,26,1,0.05,21.4,27.4,-6,-0.3,20,379,18.95,289,26,26,21,11,6,40,2,29,2,7,1,1,0,26,1.3,92,67,76.1,5,9,6,5,25,4,4,0,0,0,20,26,4,0,1,0,27.1,0.27,1.1,0.06,119,327,36.4,1000,75,28.8,27.7,141,27.7,28,248,17,6.9,53,2.65,16.9
27,Espanyol,La Liga,22,28,41.6,20,220,"1,800",20,23,16,39,20,3,4,40,2,27.8,24.6,19.9,44.5,291,593,1.15,0.8,1.95,1,1.8,1.39,0.99,2.38,1.23,2.22,20,23,257,81,31.5,12.85,4.05,0.08,0.25,16.6,8,3,4,0.1,-4.8,-4.6,20,5639,7417,76,101195,40845,2528,2899,87.2,2414,2887,83.6,574,1285,44.7,16,20.6,-3.9,187,462,120,49,593,20,7417,6510,878,237,18,37,427,381,81,29,43,2,5639,29,135,20,9616,1141,3207,4209,2303,372,9612,263,115,43.7,124,47.1,4897,24900,13032,291,197,60,292,156,5597,586,20,322,207,149,119,54,161,322,50,161,205,78,127,168,490,478,6,20,1,267,234,30,427,168,207,4,1,1,735,260,310,45.6,90,100,220,82,123,96,19,138,1.7,23,22,1,0.05,27.8,22.1,5.7,0.28,20,432,21.6,297,55,17,32,30,1,42,2.1,27,5,1,4,5,0,22,1.1,81,62,76.5,10,4,6,7,35,3,3,0,0,0,20,22,3,1,1,1,19.4,0.24,-1.6,-0.08,102,326,31.3,435,68,57.9,42,140,52.9,44.4,275,22,8,15,0.75,13
28,Everton,Premier League,20,28,43.1,22,242,"1,980",22,23,19,42,22,1,1,42,3,23.6,22.8,18.3,41.1,306,657,1.05,0.86,1.91,1,1.86,1.07,0.83,1.9,1.04,1.87,22,23,236,67,28.4,10.73,3.05,0.09,0.33,15.5,7,1,1,0.1,-0.6,-0.8,22,6620,8711,76,122362,44996,2854,3268,87.3,2952,3517,83.9,713,1505,47.4,19,17.6,0.7,173,554,153,47,657,22,8711,7726,961,259,38,53,386,404,88,67,7,1,6620,24,179,22,11341,1359,3782,4630,3049,486,11340,376,135,35.9,191,50.8,5904,30370,15115,306,245,92,364,184,6562,646,22,379,230,179,138,62,182,331,55,149,263,96,167,179,558,673,23,22,1,229,246,28,386,179,230,1,3,0,848,466,395,54.1,90,100,242,85,170,69,18,126,1.45,24,25,-1,-0.05,23.6,30.2,-6.6,-0.3,22,412,18.73,295,36,30,23,22,6,38,1.73,29,1,4,3,1,0,25,1.14,87,61,73.6,9,5,8,9,40.9,3,2,1,0,33.3,22,25,2,0,5,0,27.6,0.29,2.6,0.12,173,465,37.2,693,77,54.7,39.8,164,52.4,40,311,9,2.9,43,1.95,16.8
29,Fiorentina,Serie A,27,27.3,52.5,21,231,"1,890",21,22,11,33,17,5,5,49,1,29.7,26.2,17.3,43.5,338,695,1.05,0.52,1.57,0.81,1.33,1.41,0.82,2.24,1.25,2.07,21,22,282,68,24.1,13.43,3.24,0.06,0.25,16.9,13,5,5,0.1,-7.7,-9.2,21,7560,9314,81.2,137239,47251,3072,3434,89.5,3652,4153,87.9,710,1367,51.9,11,15.3,-6.3,185,572,159,57,695,21,9314,8341,937,322,24,28,413,324,94,55,29,0,7560,36,121,21,11393,1223,3716,5172,2624,415,11388,314,127,40.4,153,48.7,6168,32346,16764,338,237,79,276,151,7467,691,21,270,159,118,116,36,130,241,53.9,111,204,65,139,161,431,433,9,21,1,280,325,38,413,161,159,2,5,0,750,249,274,47.6,90,100,231,80,128,102,22,164,0.81,23,32,-9,-0.43,29.7,27.9,1.8,0.08,21,483,23,341,43,20,38,34,7,30,1.43,15,2,1,8,3,1,32,1.52,96,63,70.8,3,8,10,3,14.3,5,4,1,0,20,21,32,4,0,5,0,28.2,0.27,-3.8,-0.18,87,258,33.7,508,75,40.9,34.4,146,34.2,31.7,262,7,2.7,17,0.81,13.5
30,Freiburg,Bundesliga,24,27.6,51,18,198,"1,620",18,27,13,40,22,5,5,31,2,26.6,22.6,17.6,40.2,230,536,1.5,0.72,2.22,1.22,1.94,1.48,0.98,2.45,1.26,2.23,18,27,226,69,30.5,12.56,3.83,0.1,0.32,15.6,7,5,5,0.11,0.4,-0.6,18,6202,7800,79.5,112128,39317,2639,2985,88.4,2755,3190,86.4,644,1223,52.7,13,20,-4.6,157,472,114,41,536,18,7800,7018,744,216,10,31,341,319,73,62,7,0,6202,38,128,18,9585,904,2986,4500,2166,368,9580,212,87,41,109,51.4,4881,28023,13639,230,184,46,232,114,6084,531,18,224,150,104,99,21,105,177,59.3,72,151,49,102,158,382,389,19,18,1,177,221,41,341,158,150,3,1,0,581,286,284,50.2,90,100,198,81,114,83,20,78,1.33,29,31,-2,-0.11,26.6,20.3,6.2,0.35,18,382,21.22,270,44,12,27,24,5,40,2.22,27,3,1,4,5,0,31,1.72,77,45,59.7,6,6,6,4,22.2,1,0,1,0,100,18,31,0,0,6,0,25.1,0.32,-5.9,-0.33,111,301,36.9,592,64,40.7,35.4,93,64.5,49,184,10,5.4,30,1.67,17.1
31,Fulham,Premier League,23,28.7,51.3,22,242,"1,980",22,27,19,46,26,1,1,50,0,23.6,22.8,17.2,40,391,817,1.23,0.86,2.09,1.18,2.05,1.07,0.78,1.85,1.03,1.82,22,27,258,73,28.3,11.73,3.32,0.1,0.36,16.4,4,1,1,0.09,3.4,3.2,22,8859,10861,81.6,156602,52393,3861,4300,89.8,4055,4579,88.6,781,1469,53.2,19,18.2,1.8,187,654,181,51,817,22,10861,9836,986,250,21,75,387,424,95,59,21,1,8859,39,201,22,13326,1667,4816,5663,2936,499,13325,322,136,42.2,155,48.1,7633,39844,20786,391,271,91,314,163,8795,807,22,362,213,186,133,43,169,288,58.7,119,210,74,136,183,545,635,15,22,0,244,202,42,387,183,213,1,3,2,823,285,309,48,90,100,242,82,139,104,18,94,1.41,30,31,-1,-0.05,23.6,29,-5.4,-0.25,22,439,19.95,347,28,20,31,10,3,44,2,33,3,2,4,2,0,31,1.41,86,57,66.3,9,4,9,5,22.7,3,2,0,1,0,22,31,2,0,6,2,26.1,0.3,-2.9,-0.13,63,246,25.6,686,92,26.8,29.3,166,37.3,32,289,13,4.5,14,0.64,11.2
32,Genoa,Serie A,27,26.6,46.7,21,231,"1,890",21,22,14,36,21,1,4,43,2,24.9,21.7,17.2,38.9,240,531,1.05,0.67,1.71,1,1.67,1.18,0.82,2,1.03,1.85,21,22,231,76,32.9,11,3.62,0.09,0.28,16.5,10,1,4,0.1,-2.9,-0.7,21,6182,8105,76.3,113478,42005,2567,2994,85.7,2828,3344,84.6,656,1337,49.1,14,14.4,-3.2,161,439,98,36,531,21,8105,7079,994,321,15,35,346,405,67,37,23,0,6182,32,150,21,10616,1337,3863,4629,2235,317,10612,333,128,38.4,168,50.5,5424,29204,13252,240,172,43,341,188,6118,527,21,337,237,158,144,35,159,261,60.9,102,226,85,141,154,491,590,12,21,1,291,304,33,346,154,237,3,2,1,753,348,389,47.2,90,100,231,81,135,94,20,196,0.95,22,29,-7,-0.33,24.9,24.3,0.6,0.03,21,398,18.95,254,50,15,35,37,7,37,1.76,22,3,4,3,5,0,29,1.38,91,63,70.3,4,8,9,4,19,2,2,0,0,0,21,29,2,0,8,1,27.9,0.29,-0.1,0,105,301,34.9,442,51,55.2,42.4,152,37.5,30.6,300,11,3.7,17,0.81,12.9
33,Getafe,La Liga,28,29.2,42.9,20,220,"1,800",20,15,14,29,15,0,1,52,3,13,12.3,8.6,20.8,161,488,0.75,0.7,1.45,0.75,1.45,0.65,0.43,1.08,0.61,1.04,20,15,195,52,26.7,9.75,2.6,0.08,0.29,18.2,4,0,1,0.07,2,2.7,20,4566,6728,67.9,87345,37143,2033,2465,82.5,1800,2356,76.4,636,1512,42.1,14,9.8,5.4,113,473,75,35,488,20,6728,5620,1063,324,13,53,423,477,87,34,37,1,4566,45,163,20,9019,890,2760,4067,2287,263,9018,290,121,41.7,137,47.2,3663,17822,8042,161,133,31,342,176,4507,480,20,335,226,160,140,35,176,334,52.7,158,219,43,176,156,491,526,12,20,1,292,288,48,423,156,226,1,1,2,749,313,391,44.5,90,100,220,82,140,79,22,123,1.05,15,26,-11,-0.55,13,20.2,-7.2,-0.36,20,307,15.35,188,47,17,24,22,9,27,1.35,12,5,3,4,3,0,26,1.3,86,62,70.9,6,3,11,4,20,1,1,0,0,0,20,26,1,0,5,2,22.7,0.26,-1.3,-0.07,172,474,36.3,457,28,78.1,49.8,131,89.3,59.7,215,6,2.8,27,1.35,17.1
34,Girona,La Liga,29,27.9,47.8,20,220,"1,800",20,20,12,32,14,6,6,46,6,20.7,17.7,14.4,32.1,363,657,1,0.6,1.6,0.7,1.3,1.04,0.72,1.76,0.89,1.61,20,20,183,69,37.7,9.15,3.45,0.08,0.2,17.4,5,6,6,0.1,-0.7,-3.7,20,7420,8976,82.7,127787,43180,3504,3841,91.2,3120,3488,89.4,631,1212,52.1,12,13.1,-2.4,134,499,115,16,657,20,8976,8039,898,281,25,39,263,314,74,28,29,0,7420,39,151,20,11101,1514,4321,4483,2407,328,11097,382,169,44.2,182,47.6,6806,37255,18733,363,235,84,288,172,7341,648,20,283,184,153,97,33,121,253,47.8,132,172,65,107,161,444,518,18,20,2,218,268,43,263,161,184,4,5,0,708,216,213,50.3,90,100,220,80,126,90,23,118,1.2,20,34,-14,-0.7,20.7,32.4,-11.6,-0.58,20,315,15.75,226,23,25,17,19,5,32,1.6,22,1,3,2,4,0,34,1.7,98,64,70.4,6,6,8,4,20,5,5,0,0,0,20,34,5,1,4,0,32.9,0.3,-1.1,-0.06,73,274,26.6,551,89,35.2,32.7,177,45.2,36.4,303,12,4,20,1,14.2
35,Gladbach,Bundesliga,26,26.6,45.7,18,198,"1,620",18,21,16,37,18,3,5,23,1,22.2,18.2,14.5,32.7,230,571,1.17,0.89,2.06,1,1.89,1.23,0.8,2.04,1.01,1.82,18,21,194,69,35.6,10.78,3.83,0.09,0.26,15.6,2,3,5,0.1,-1.2,-0.2,18,6399,7867,81.3,110884,41176,2936,3267,89.9,2773,3169,87.5,549,1029,53.4,16,18.9,1.5,143,432,136,35,571,18,7867,7131,704,195,18,23,288,278,76,44,21,0,6399,32,140,18,9814,1223,3451,4459,2002,346,9809,211,86,40.8,119,56.4,5025,26333,13188,230,192,46,249,133,6344,565,18,301,192,151,121,29,148,252,58.7,104,168,58,110,153,454,535,3,18,0,207,190,33,288,153,192,3,2,0,638,249,219,53.2,90,100,198,82,114,83,17,79,1.11,23,29,-6,-0.33,22.2,23.6,-1.4,-0.08,18,324,18,241,35,7,18,13,10,31,1.72,22,3,0,3,1,2,29,1.61,95,67,72.6,5,5,8,8,44.4,3,3,0,0,0,18,29,3,0,4,0,24.3,0.24,-4.7,-0.26,94,202,46.5,431,67,37.1,31,117,35.9,30.6,239,11,4.6,18,1,13.7
36,Hamburger SV,Bundesliga,27,26.5,46.9,17,187,"1,530",17,17,13,30,17,0,2,40,6,18.7,17.1,13.7,30.9,250,499,1,0.76,1.76,1,1.76,1.1,0.81,1.91,1.01,1.82,17,17,228,82,36,13.41,4.82,0.07,0.21,15,5,0,2,0.09,-1.7,-0.1,17,5653,7111,79.5,105559,37117,2264,2535,89.3,2657,3046,87.2,621,1197,51.9,13,15,-0.7,159,353,111,44,499,17,7111,6324,751,220,24,57,314,291,60,42,7,0,5653,36,135,17,9038,1156,3606,3855,1673,305,9036,243,122,50.2,103,42.4,5143,26948,13587,250,166,58,252,125,5590,499,17,235,125,133,84,18,112,203,55.2,91,180,62,118,136,371,495,11,17,5,214,216,38,314,136,125,1,3,0,620,238,213,52.8,90,100,187,82,98,85,16,68,1,17,27,-10,-0.59,18.7,25,-6.3,-0.37,17,366,21.53,270,28,23,25,15,5,28,1.65,15,4,5,2,1,1,27,1.59,78,50,67.9,4,5,8,4,23.5,3,2,1,0,33.3,17,27,2,1,3,0,24.1,0.28,-2.9,-0.17,85,253,33.6,715,42,30.2,29.7,137,27,28.2,219,9,4.1,23,1.35,15.9
37,Heidenheim,Bundesliga,26,27.4,43.1,18,198,"1,620",18,17,12,29,17,0,0,31,1,20.6,20.6,17.3,37.9,203,500,0.94,0.67,1.61,0.94,1.61,1.15,0.96,2.11,1.15,2.11,18,17,209,64,30.6,11.61,3.56,0.08,0.27,14.7,8,0,0,0.12,-3.6,-3.6,18,5083,6677,76.1,104755,39337,1661,1952,85.1,2610,3047,85.7,746,1381,54,12,15.5,-5.3,132,395,111,37,500,18,6677,5918,730,175,13,46,311,279,79,31,27,1,5083,29,129,18,8552,1130,3317,3488,1828,280,8552,187,88,47.1,88,47.1,4206,21755,11904,203,136,34,237,96,5020,491,18,221,156,131,65,25,122,248,49.2,126,192,66,126,171,392,513,11,18,0,192,184,31,311,171,156,0,2,0,654,240,276,46.5,90,100,198,79,107,90,24,72,0.72,17,39,-22,-1.22,20.6,31.2,-10.6,-0.59,18,321,17.83,229,36,11,24,17,4,25,1.39,18,1,1,3,1,1,39,2.17,99,60,62.6,3,4,11,0,0,2,2,0,0,0,18,39,2,0,1,0,35.6,0.35,-3.4,-0.19,136,361,37.7,712,72,41.4,38.7,145,45.5,40.4,248,23,9.3,24,1.33,12.7
38,Hellas Verona,Serie A,28,26.7,40,21,231,"1,890",21,16,11,27,14,2,2,49,0,19.8,18.3,13.7,32,220,547,0.76,0.52,1.29,0.67,1.19,0.94,0.65,1.6,0.87,1.52,21,16,244,87,35.7,11.62,4.14,0.06,0.16,17.2,7,2,2,0.09,-3.8,-4.3,21,4940,6899,71.6,88514,36698,2232,2644,84.4,1967,2473,79.5,555,1315,42.2,11,13.1,-2.7,159,467,109,29,547,21,6899,6068,797,171,20,31,311,365,68,38,26,0,4940,34,136,21,9290,1029,3005,4213,2173,338,9288,289,122,42.2,145,50.2,4325,22016,10708,220,172,54,307,135,4893,540,21,359,231,167,153,39,173,296,58.4,123,239,81,158,224,583,533,8,21,0,347,168,43,311,224,231,0,3,3,775,319,406,44,90,100,231,81,133,99,21,184,0.67,17,34,-17,-0.81,19.8,24.7,-4.9,-0.23,21,356,16.95,250,31,21,28,15,11,19,0.9,11,2,1,2,2,1,34,1.62,84,52,61.9,2,8,11,4,19,3,2,1,0,33.3,21,34,2,0,4,3,23.6,0.26,-7.4,-0.35,115,384,29.9,419,60,61.1,,143,89.5,60,287,18,6.3,9,0.43,
39,Hoffenheim,Bundesliga,23,27.1,53.3,17,187,"1,530",17,33,25,58,30,3,3,32,0,22.5,20.9,17.7,38.6,210,597,1.94,1.47,3.41,1.76,3.24,1.32,1.04,2.36,1.23,2.27,17,33,225,82,36.4,13.24,4.82,0.13,0.37,13.4,5,3,3,0.11,10.5,9.1,17,6007,7681,78.2,105098,40633,2781,3178,87.5,2490,2899,85.9,576,1164,49.5,25,17.2,7.3,152,471,146,40,597,17,7681,6969,684,156,20,25,305,325,76,43,16,1,6007,28,153,17,9611,1010,3160,4340,2197,361,9609,184,85,46.2,94,51.1,4623,21319,10083,210,141,43,247,110,5944,589,17,241,169,107,97,37,115,225,51.1,110,196,53,143,137,378,491,5,17,0,256,156,31,305,137,169,2,3,0,675,290,273,51.5,90,100,187,82,106,81,17,71,1.94,35,21,14,0.82,22.5,22.6,-0.1,-0.01,17,325,19.12,246,31,13,17,15,3,47,2.76,38,1,3,2,3,0,21,1.24,69,48,72.5,10,3,4,4,23.5,3,2,0,1,0,17,21,2,0,5,0,20.1,0.28,-0.9,-0.06,70,227,30.8,522,48,37.2,33.6,93,35.5,31.7,235,12,5.1,42,2.47,18.3
40,Inter,Serie A,25,29.3,59.4,21,231,"1,890",21,42,33,75,39,3,4,33,0,35.3,32.2,28,60.2,361,933,2,1.57,3.57,1.86,3.43,1.68,1.33,3.02,1.53,2.87,21,42,366,116,31.7,17.43,5.52,0.11,0.34,14.9,7,3,4,0.1,6.7,6.8,21,9228,10943,84.3,165841,52950,3910,4325,90.4,4287,4760,90.1,899,1411,63.7,33,24.8,5,265,743,234,57,933,21,10943,10063,845,230,18,65,502,348,129,48,68,0,9228,35,176,21,12883,974,3479,5804,3685,602,12879,205,89,43.4,96,46.8,7210,33252,17665,361,238,91,261,124,9163,925,21,282,196,123,104,55,127,219,58,92,164,38,126,135,417,361,6,21,0,303,233,40,502,135,196,3,2,0,798,274,206,57.1,90,100,231,82,129,102,18,161,2.33,44,17,27,1.29,35.3,16.3,19,0.91,21,598,28.48,449,60,19,45,21,4,68,3.24,54,5,2,4,3,0,17,0.81,55,38,72.7,16,1,4,11,52.4,2,2,0,0,0,21,17,2,0,1,0,14.7,0.26,-2.3,-0.11,67,159,42.1,566,57,21.4,28.3,102,37.3,33,189,6,3.2,22,1.05,17.9
41,Juventus,Serie A,24,26.4,58.3,21,231,"1,890",21,30,20,50,28,2,4,26,1,33.1,30,22,52.1,497,934,1.43,0.95,2.38,1.33,2.29,1.58,1.05,2.63,1.43,2.48,21,30,341,119,34.9,16.24,5.67,0.08,0.24,16.4,10,2,4,0.1,-3.1,-2,21,9559,11326,84.4,166505,53320,4304,4759,90.4,4220,4735,89.1,866,1367,63.4,20,23.2,-2,238,808,209,48,934,21,11326,10451,844,201,33,49,422,388,98,38,27,0,9559,31,173,21,13508,1068,3653,6248,3731,599,13504,312,145,46.5,151,48.4,8090,43700,23800,497,359,147,323,153,9498,927,21,308,190,123,137,48,118,209,56.5,91,158,52,106,141,449,388,21,21,0,269,213,32,422,141,190,2,2,0,859,256,240,51.6,90,100,231,82,130,100,18,133,1.86,32,17,15,0.71,33.1,16.7,16.4,0.78,21,573,27.29,435,34,34,36,24,10,52,2.48,37,2,5,5,3,0,17,0.81,56,39,71.4,11,6,4,8,38.1,2,1,0,1,0,21,17,1,0,2,0,17.6,0.3,0.6,0.03,49,133,36.8,425,85,24.9,23.8,121,22.3,26.3,253,17,6.7,13,0.62,26
42,Köln,Bundesliga,25,25.8,47.7,18,198,"1,620",18,27,18,45,26,1,1,31,1,23.6,22.8,17.7,40.6,231,511,1.5,1,2.5,1.44,2.44,1.31,0.99,2.3,1.27,2.25,18,27,236,78,33.1,13.11,4.33,0.11,0.33,15.1,8,1,1,0.11,3.4,3.2,18,6036,7545,80,114000,40333,2422,2708,89.4,2909,3301,88.1,635,1244,51,18,17.1,0.3,147,404,112,43,511,18,7545,6757,760,200,19,29,323,303,62,30,26,0,6036,28,125,18,9360,1157,3266,4245,1923,340,9359,171,74,43.3,89,52,5193,26426,12796,231,166,71,233,113,5973,504,18,209,150,106,84,19,100,187,53.5,87,181,65,116,145,354,504,6,18,0,151,182,31,323,145,150,1,4,0,563,279,251,52.6,90,100,198,79,107,90,24,71,1.11,27,30,-3,-0.17,23.6,25.5,-1.9,-0.11,18,362,20.11,251,32,24,33,17,5,42,2.33,32,0,5,2,2,1,30,1.67,89,58,69.7,5,5,8,2,11.1,4,3,1,0,25,18,30,3,2,9,0,27,0.28,-3,-0.17,154,375,41.1,651,42,39.5,35.2,154,76.6,54.9,275,5,1.8,14,0.78,14.7
43,Lazio,Serie A,26,29,50,21,231,"1,890",21,19,13,32,17,2,2,45,7,21.4,19.9,15.3,35.2,272,641,0.9,0.62,1.52,0.81,1.43,1.02,0.73,1.75,0.95,1.67,21,19,232,80,34.5,11.05,3.81,0.07,0.21,17.5,7,2,2,0.09,-2.4,-2.9,21,8635,10274,84,149948,51598,3885,4294,90.5,3700,4174,88.6,837,1318,63.5,13,13.3,-2.3,162,639,105,27,641,21,10274,9321,940,350,29,52,285,323,76,37,31,0,8635,13,166,21,12274,1324,4129,5965,2297,351,12272,307,116,37.8,147,47.9,6994,32864,16145,272,205,81,255,138,8577,636,21,270,161,125,111,34,127,239,53.1,112,184,55,129,178,448,426,19,21,1,231,328,14,285,178,161,2,1,0,750,243,224,52,90,100,231,80,129,96,23,132,1.33,21,19,2,0.1,21.4,25.3,-3.9,-0.19,21,401,19.1,280,33,20,33,28,7,31,1.48,21,2,1,3,3,1,19,0.9,88,70,79.5,7,7,7,10,47.6,2,1,1,0,50,21,19,1,1,2,0,22.8,0.26,3.8,0.18,83,232,35.8,566,80,33,33.2,156,28.8,29.2,262,14,5.3,18,0.86,13.6
44,Le Havre,Ligue 1,29,27.8,46.1,18,198,"1,620",18,16,12,28,15,1,4,34,1,21.5,18.2,14.1,32.3,264,592,0.89,0.67,1.56,0.83,1.5,1.19,0.78,1.98,1.01,1.79,18,16,201,64,31.8,11.17,3.56,0.07,0.23,17.7,8,1,4,0.1,-5.5,-3.2,18,5746,7337,78.3,105875,37568,2246,2536,88.6,2709,3108,87.2,614,1252,49,12,14.1,-2.1,135,410,110,48,592,18,7337,6520,787,234,9,31,442,314,77,55,21,0,5746,30,130,18,9218,1118,3230,4033,2055,283,9214,212,94,44.3,108,50.9,5247,29618,14568,264,197,44,269,125,5704,585,18,271,161,128,106,37,151,272,55.5,121,183,54,129,170,441,453,11,18,0,255,220,31,442,170,161,4,3,1,689,240,221,52.1,90,100,198,82,116,82,19,78,1.06,16,24,-8,-0.44,21.5,23.4,-1.9,-0.11,18,339,18.83,240,23,17,25,27,7,23,1.28,17,1,0,4,1,0,24,1.33,71,48,70.4,4,7,7,5,27.8,3,3,0,0,0,18,24,3,0,2,1,19.9,0.24,-3.1,-0.17,86,220,39.1,519,83,32.8,32.1,122,41,35.4,266,29,10.9,21,1.17,13.5
45,Lecce,Serie A,26,26,43.2,21,231,"1,890",21,13,9,22,13,0,1,40,2,15.2,14.4,10.4,24.9,230,553,0.62,0.43,1.05,0.62,1.05,0.72,0.5,1.22,0.69,1.18,21,13,199,49,24.6,9.48,2.33,0.07,0.27,17.5,11,0,1,0.08,-2.2,-1.4,21,5396,7276,74.2,101614,37243,2138,2518,84.9,2449,2972,82.4,663,1411,47,9,11,-1.4,136,460,99,36,553,21,7276,6259,998,296,4,39,340,396,93,29,43,0,5396,19,124,21,9552,1154,3053,4335,2271,285,9551,311,105,33.8,170,54.7,4625,23604,11133,230,160,56,311,171,5329,544,21,355,219,170,143,42,183,331,55.3,148,208,67,141,129,484,556,19,21,0,264,270,20,340,129,219,0,5,1,715,317,303,51.1,90,100,231,81,131,98,22,187,0.81,13,29,-16,-0.76,15.2,25.1,-9.9,-0.47,21,327,15.57,224,38,17,18,20,10,23,1.1,13,3,3,1,1,2,29,1.38,92,62,71.7,4,5,12,6,28.6,5,3,2,0,40,21,29,3,0,4,1,27.2,0.26,-0.8,-0.04,120,407,29.5,441,51,76.4,44.4,167,41.9,33.1,278,12,4.3,20,0.95,11.8
46,Leeds United,Premier League,23,27,45.8,22,242,"1,980",22,30,14,44,27,3,4,32,0,29.5,26.3,17.7,43.9,294,651,1.36,0.64,2,1.23,1.86,1.34,0.8,2.15,1.19,2,22,30,278,82,29.5,12.64,3.73,0.1,0.33,15.3,5,3,4,0.11,0.5,0.7,22,7228,9349,77.3,128961,46301,3130,3580,87.4,3209,3730,86,679,1482,45.8,14,15.9,-3.7,176,544,132,46,651,22,9349,8367,951,273,17,22,402,366,94,47,40,2,7228,31,198,22,11878,1365,4047,5395,2574,457,11874,349,127,36.4,180,51.6,6091,31687,16278,294,209,83,320,179,7155,642,22,375,234,159,157,59,188,343,54.8,155,219,68,151,207,582,590,7,22,0,219,250,39,402,207,234,2,4,1,839,364,383,48.7,90,100,242,84,145,99,16,99,1.14,30,37,-7,-0.32,29.5,30.5,-0.9,-0.04,22,432,19.64,288,49,15,43,20,17,42,1.91,23,5,0,10,3,1,37,1.68,87,51,62.1,6,7,9,4,18.2,4,4,0,0,0,22,37,4,2,3,1,30.2,0.33,-5.8,-0.26,117,444,26.4,678,100,51.8,37.7,160,58.1,43.8,308,14,4.5,11,0.5,11.4
47,Lens,Ligue 1,22,27.4,49.3,18,198,"1,620",18,31,22,53,28,3,4,35,3,32.1,29,22.6,51.6,256,684,1.72,1.22,2.94,1.56,2.78,1.79,1.26,3.04,1.61,2.87,18,31,254,90,35.4,14.11,5,0.11,0.31,14.4,5,3,4,0.13,-1.1,-1,18,6932,8444,82.1,121298,43177,3190,3572,89.3,2958,3358,88.1,656,1138,57.6,22,21.2,-0.6,178,524,159,43,684,18,8444,7663,748,219,17,49,361,289,104,27,62,1,6932,33,166,18,10521,1068,3428,4653,2538,454,10517,285,124,43.5,142,49.8,5369,24777,12612,256,168,76,257,154,6893,676,18,324,212,149,115,60,174,319,54.5,145,235,70,165,196,520,387,5,18,1,245,214,35,361,196,212,3,5,0,799,206,209,49.6,90,100,198,83,122,74,18,88,2.39,32,13,19,1.06,32.1,23.3,8.8,0.49,18,416,23.11,291,45,25,32,15,8,51,2.83,35,6,1,7,2,0,13,0.72,61,46,82,14,1,3,7,38.9,5,2,2,1,50,18,13,2,0,2,0,18.7,0.26,5.7,0.32,52,149,34.9,419,67,27,31.3,107,33.6,31.8,220,11,5,11,0.61,14.2
48,Levante,La Liga,28,27,41.4,19,209,"1,710",19,21,12,33,19,2,3,43,1,22.6,20.5,14.5,35,189,463,1.11,0.63,1.74,1,1.63,1.19,0.76,1.95,1.08,1.84,19,21,189,57,30.2,9.95,3,0.1,0.33,16.9,6,2,3,0.12,-1.6,-1.5,19,5341,7006,76.2,98439,39152,2346,2700,86.9,2225,2641,84.2,645,1296,49.8,12,14,-2.5,125,420,107,42,463,19,7006,6142,829,233,31,42,246,317,59,30,12,0,5341,35,138,19,9190,1258,3435,3914,1927,304,9187,269,108,40.1,137,50.9,4920,23341,10992,189,138,48,285,177,5306,458,19,300,186,145,119,36,171,305,56.1,134,216,86,130,162,462,551,10,19,0,234,219,37,246,162,186,1,2,2,672,239,246,49.3,90,100,209,82,113,95,18,122,0.74,21,32,-11,-0.58,22.6,30.3,-7.8,-0.41,19,305,16.05,217,29,17,24,15,3,34,1.79,18,3,3,6,3,1,32,1.68,107,77,72,3,5,11,3,15.8,3,2,1,0,33.3,19,32,2,0,6,2,31.4,0.29,1.4,0.08,107,282,37.9,475,100,38.7,34.8,172,57,46.4,316,20,6.3,18,0.95,13.2
49,Leverkusen,Bundesliga,27,26.7,59.2,17,187,"1,530",17,34,22,56,30,4,4,41,2,29,25.9,17.9,43.8,298,635,2,1.29,3.29,1.76,3.06,1.7,1.05,2.76,1.52,2.58,17,34,237,75,31.6,13.94,4.41,0.13,0.4,17.3,10,4,4,0.11,5,4.1,17,9128,10443,87.4,149652,47177,4677,5020,93.2,3636,3980,91.4,636,1065,59.7,22,22.3,4.1,174,704,113,24,635,17,10443,9738,687,184,30,73,261,260,84,41,20,0,9128,18,127,17,12136,1125,3599,5792,2830,369,12132,269,116,43.1,133,49.4,7386,36259,18963,298,251,84,234,122,9063,632,17,210,141,104,72,34,89,158,56.3,69,152,38,114,132,342,337,14,17,2,152,191,19,261,132,141,4,3,1,630,204,166,55.1,90,100,187,80,107,80,24,72,1.71,34,25,9,0.53,29,20.4,8.6,0.51,17,417,24.53,310,27,27,20,23,10,61,3.59,41,3,5,2,8,2,25,1.47,84,60,73.8,9,2,6,4,23.5,3,3,0,0,0,17,25,3,0,5,1,21.3,0.22,-2.7,-0.16,57,168,33.9,488,79,24,,119,42.9,36.7,200,8,4,20,1.18,
50,Lille,Ligue 1,28,27.4,54.1,18,198,"1,620",18,33,22,55,30,3,4,38,5,29.6,26.6,21.2,47.8,349,808,1.83,1.22,3.06,1.67,2.89,1.64,1.18,2.82,1.48,2.66,18,33,250,83,33.2,13.89,4.61,0.12,0.36,16.7,3,3,4,0.11,3.4,3.4,18,7355,8920,82.5,132292,44410,3035,3438,88.3,3491,3920,89.1,669,1106,60.5,22,21.8,0.8,190,600,175,33,808,18,8920,8112,787,243,39,43,341,294,103,41,42,0,7355,21,180,18,10743,939,3106,4788,2934,508,10739,261,119,45.6,126,48.3,6426,32158,17258,349,241,100,240,124,7280,794,18,242,155,104,99,39,138,244,56.6,106,169,42,127,151,393,363,15,18,0,216,231,24,341,151,155,2,3,1,760,209,185,53,90,100,198,81,109,85,19,76,1.78,33,25,8,0.44,29.6,23,6.6,0.37,18,448,24.89,336,39,21,31,15,6,55,3.06,39,3,6,5,2,0,25,1.39,69,44,66.7,10,2,6,5,27.8,3,2,1,0,33.3,18,25,2,1,2,1,27.1,0.36,3.1,0.17,73,188,38.8,521,52,28.4,29.7,108,37,32.8,222,11,5,20,1.11,13.8
51,Liverpool,Premier League,23,27,61.3,22,242,"1,980",22,32,22,54,31,1,2,37,0,31.9,31.2,24.5,55.7,475,1098,1.45,1,2.45,1.41,2.41,1.45,1.12,2.56,1.42,2.53,22,32,340,93,27.4,15.45,4.23,0.09,0.33,15.6,10,1,2,0.1,0.1,-0.2,22,10521,12546,83.9,177036,57928,5075,5552,91.4,4465,5009,89.1,762,1431,53.2,22,21.5,-2.5,239,1011,207,38,1098,22,12546,11541,956,242,50,45,464,419,108,52,43,0,10521,49,169,22,14937,1293,3991,6826,4224,614,14936,369,171,46.3,164,44.4,9254,44669,24196,475,334,142,334,167,10436,1091,22,270,182,122,108,40,139,264,52.7,125,221,64,157,145,415,586,15,22,0,211,225,50,464,145,182,0,3,0,777,357,278,56.2,90,100,242,83,155,89,18,108,1.64,33,29,4,0.18,31.9,23.8,8,0.37,22,553,25.14,419,41,34,34,17,8,53,2.41,42,1,4,4,1,1,29,1.32,79,49,65.8,10,6,6,7,31.8,3,2,1,0,33.3,22,29,2,0,7,0,24.9,0.29,-4.1,-0.19,60,192,31.3,630,103,24.9,29.1,138,25.4,26.9,256,14,5.5,25,1.14,13.3
52,Lorient,Ligue 1,24,25.8,43.3,18,198,"1,620",18,22,16,38,21,1,4,33,1,22.8,19.6,15.6,35.1,318,560,1.22,0.89,2.11,1.17,2.06,1.27,0.86,2.13,1.09,1.95,18,22,217,68,31.3,12.06,3.78,0.1,0.31,16.5,8,1,4,0.1,-0.8,1.4,18,6253,7619,82.1,110963,38790,2746,3080,89.2,2730,3101,88,623,1068,58.3,16,13.8,0.4,142,486,109,32,560,18,7619,6876,713,247,22,36,288,250,54,19,17,0,6253,30,141,18,9367,1025,3297,4051,2113,329,9363,271,120,44.3,127,46.9,5626,29720,15644,318,196,62,234,121,6208,557,18,243,165,125,93,25,122,227,53.7,105,132,43,89,167,410,414,6,18,0,183,241,31,288,167,165,4,6,2,633,197,223,46.9,90,100,198,81,114,83,21,77,1.22,23,30,-7,-0.39,22.8,22.1,0.6,0.04,18,359,19.94,245,28,18,35,28,5,34,1.89,18,2,6,5,2,1,30,1.67,68,40,61.8,5,7,6,3,16.7,6,4,0,2,0,18,30,4,0,6,2,22.5,0.29,-5.5,-0.31,66,166,39.8,469,52,28.1,30.7,116,29.3,25.7,268,19,7.1,11,0.61,11
53,Lyon,Ligue 1,27,26.9,56.4,18,198,"1,620",18,26,21,47,26,0,2,37,5,26.9,25.4,19.8,45.2,288,649,1.44,1.17,2.61,1.44,2.61,1.5,1.1,2.6,1.41,2.51,18,26,232,84,36.2,12.89,4.67,0.11,0.31,14.9,5,0,2,0.13,-0.9,0.6,18,7176,8608,83.4,125268,41892,3196,3518,90.8,3180,3557,89.4,615,1109,55.5,21,19.3,1.2,153,515,131,39,649,18,8608,7773,811,263,33,73,381,299,105,70,24,1,7176,24,144,18,10343,1108,3426,4665,2345,392,10341,205,88,42.9,102,49.8,6037,30974,15941,288,204,70,247,106,7105,641,18,233,145,106,91,36,117,220,53.2,103,171,58,113,137,370,400,11,18,2,263,237,26,381,137,145,1,2,2,624,184,215,46.1,90,100,198,84,127,66,15,94,1.83,27,18,9,0.5,26.9,20.6,6.4,0.35,18,372,20.67,261,32,24,33,15,7,43,2.39,32,2,4,5,0,0,18,1,57,39,68.4,10,3,5,9,50,2,0,2,0,100,18,18,0,0,4,2,19.8,0.33,3.8,0.21,51,152,33.6,504,65,25.4,28.3,110,21.8,23.7,216,12,5.6,26,1.44,16.2
54,Mainz 05,Bundesliga,28,28.7,45.3,18,198,"1,620",18,18,12,30,15,3,3,42,5,18.1,15.8,12.6,28.4,200,595,1,0.67,1.67,0.83,1.5,1.01,0.7,1.71,0.88,1.58,18,18,191,50,26.2,10.61,2.78,0.08,0.3,13.8,4,3,3,0.1,-0.1,-0.8,18,4971,6879,72.3,92130,36117,2124,2549,83.3,2140,2626,81.5,579,1283,45.1,12,17.4,-0.6,124,469,146,35,595,18,6879,6047,795,188,14,30,335,370,77,25,37,0,4971,37,157,18,8856,982,2791,3809,2346,390,8853,202,92,45.5,101,50,4242,20985,9999,200,138,58,274,145,4918,588,18,211,159,102,78,31,95,187,50.8,92,223,67,156,190,401,504,9,18,1,212,177,41,335,190,159,1,2,2,649,353,355,49.9,90,100,198,82,117,76,19,86,0.67,18,31,-13,-0.72,18.1,31.1,-13,-0.72,18,304,16.89,205,37,16,24,16,6,26,1.44,15,2,2,3,2,2,31,1.72,91,62,68.1,2,6,10,1,5.6,2,2,0,0,0,18,31,2,0,2,2,26.5,0.28,-2.5,-0.14,107,343,31.2,481,37,56.8,35.6,117,59.8,47.7,195,15,7.7,22,1.22,10.4
55,Mallorca,La Liga,25,28.4,44.6,20,220,"1,800",20,24,16,40,20,4,5,45,3,19.1,16.8,13.7,30.4,243,581,1.2,0.8,2,1,1.8,0.96,0.68,1.64,0.84,1.52,20,24,209,74,35.4,10.45,3.7,0.1,0.27,16.5,4,4,5,0.09,4.9,3.2,20,6055,7828,77.4,114199,43626,2562,2936,87.3,2695,3177,84.8,721,1408,51.2,16,12.5,2.3,149,519,104,50,581,20,7828,6922,879,265,7,41,341,358,64,31,27,1,6055,27,151,20,10022,1276,3651,4295,2190,297,10019,313,138,44.1,147,47,5426,28581,13766,243,235,48,291,161,6002,575,20,265,157,145,92,28,131,263,49.8,132,218,78,140,138,403,553,8,20,2,232,242,29,341,138,157,3,5,1,758,283,263,51.8,90,100,220,82,125,93,18,143,1.05,24,30,-6,-0.3,19.1,30.9,-11.7,-0.59,20,348,17.4,258,37,22,12,15,4,39,1.95,26,3,4,1,4,1,30,1.5,91,61,71.4,5,6,9,3,15,5,4,1,0,20,20,30,4,1,1,1,27.3,0.26,-1.7,-0.08,127,320,39.7,478,63,50,42.5,146,55.5,43.4,309,14,4.5,22,1.1,15.1
56,Manchester City,Premier League,26,25.8,59,22,242,"1,980",22,42,33,75,40,2,3,38,0,39.6,37.2,32.3,69.5,568,902,1.91,1.5,3.41,1.82,3.32,1.8,1.47,3.27,1.69,3.16,22,42,309,105,34,14.05,4.77,0.13,0.38,15.3,5,2,3,0.13,2.4,2.8,22,11040,12785,86.4,172200,52088,5899,6365,92.7,4171,4657,89.6,647,1127,57.4,33,28.5,0.7,236,818,200,35,902,22,12785,11826,935,275,77,59,343,383,119,81,28,1,11040,24,199,22,15182,1279,4167,6989,4141,666,15179,503,229,45.5,212,42.1,9576,50382,27039,568,421,190,299,203,10954,892,22,301,200,126,120,55,143,252,56.7,109,186,53,133,182,483,500,18,22,0,211,237,25,343,182,200,3,2,0,865,269,205,56.8,90,100,242,83,153,89,18,109,1.95,45,21,24,1.09,39.6,23.1,16.4,0.75,22,540,24.55,405,34,49,34,12,6,73,3.32,57,2,8,2,2,2,21,0.95,73,51,72.6,13,4,5,9,40.9,2,1,1,0,50,22,21,1,0,5,0,22.5,0.29,1.5,0.07,54,162,33.3,514,66,24.7,28,118,29.7,27.7,219,9,4.1,27,1.23,12.7
57,Manchester Utd,Premier League,26,26.3,52.9,22,242,"1,980",22,36,25,61,34,2,4,31,1,37.7,34.7,25.8,60.5,407,865,1.64,1.14,2.77,1.55,2.68,1.71,1.17,2.89,1.58,2.75,22,36,358,117,32.7,16.27,5.32,0.09,0.29,16.3,5,2,4,0.1,-1.7,-0.7,22,8509,10671,79.7,146750,52209,3998,4514,88.6,3531,4133,85.4,754,1466,51.4,25,23,-0.8,259,710,197,57,865,22,10671,9665,974,262,62,64,395,415,100,82,2,4,8509,32,195,22,13285,1339,3952,6081,3368,581,13281,330,140,42.4,160,48.5,7080,35920,19350,407,280,120,351,187,8435,859,22,393,244,174,155,64,190,351,54.1,161,223,62,161,176,569,563,12,22,1,231,232,38,395,176,244,3,1,1,905,375,401,48.3,90,100,242,82,149,92,20,106,1.59,38,32,6,0.27,37.7,26.5,11.2,0.51,22,610,27.73,449,49,24,55,20,13,57,2.59,35,6,2,9,3,2,32,1.45,78,47,60.3,9,8,5,3,13.6,1,1,0,0,0,22,32,1,2,6,1,30.9,0.4,-0.1,0,112,373,30,547,49,53.9,37.5,144,54.2,39.6,308,19,6.2,20,0.91,13
58,Marseille,Ligue 1,30,28.1,59.7,18,198,"1,620",18,40,30,70,36,4,5,37,4,30.5,27.1,22.2,49.4,298,786,2.22,1.67,3.89,2,3.67,1.7,1.23,2.93,1.51,2.74,18,40,258,102,39.5,14.33,5.67,0.14,0.35,16.4,7,4,5,0.12,9.5,8.9,18,9213,10525,87.5,150402,47074,4411,4745,93,3884,4247,91.5,604,999,60.5,30,20.5,7.8,187,757,143,22,786,18,10525,9820,684,205,34,62,294,259,93,29,39,0,9213,21,122,18,12210,942,3071,6109,3103,391,12205,244,103,42.2,128,52.5,8360,36748,18401,298,259,104,225,96,9151,779,18,229,141,77,108,44,115,220,52.3,105,142,47,95,130,359,300,12,18,1,214,182,22,294,130,141,4,2,1,658,162,170,48.8,90,100,198,80,111,85,21,76,1.94,41,19,22,1.22,30.5,20.6,10,0.55,18,439,24.39,331,32,29,21,19,7,64,3.56,48,2,5,5,3,1,19,1.06,72,54,76.4,11,2,5,6,33.3,2,2,0,0,0,18,19,2,0,1,1,21.2,0.27,3.2,0.18,55,138,39.9,484,69,21.7,27.7,92,35.9,33,173,30,17.3,43,2.39,17
59,Metz,Ligue 1,27,26.7,49.2,18,198,"1,620",18,18,11,29,14,4,5,29,3,18.2,15.1,12.9,28,262,451,1,0.61,1.61,0.78,1.39,1.01,0.72,1.73,0.84,1.56,18,18,156,50,32.1,8.67,2.78,0.09,0.28,17.2,3,4,5,0.1,-0.2,-1.1,18,7098,8454,84,130306,41119,2911,3167,91.9,3283,3613,90.9,761,1317,57.8,11,11.5,-1.9,113,401,81,32,451,18,8454,7668,767,212,13,85,294,278,70,28,33,0,7098,19,124,18,10183,1405,4290,4315,1669,242,10179,242,116,47.9,112,46.3,6375,33063,15891,262,199,51,246,159,7055,449,18,287,184,162,92,33,156,284,54.9,128,165,48,117,117,404,383,16,18,1,196,198,20,294,117,184,4,6,1,648,148,178,45.4,90,100,198,83,114,81,16,81,0.67,19,40,-21,-1.17,18.2,33.2,-14.9,-0.83,18,263,14.61,186,23,16,20,13,5,29,1.61,18,3,1,3,4,0,40,2.22,107,67,67.3,3,3,12,3,16.7,6,5,1,0,16.7,18,40,5,0,2,1,37,0.31,-2,-0.11,62,168,36.9,556,70,20.3,41.4,153,35.9,31.2,226,8,3.5,18,1,16.8
60,Milan,Serie A,26,27.9,51.8,21,231,"1,890",21,34,23,57,30,4,5,32,1,30.3,27.2,19.1,46.4,343,781,1.62,1.1,2.71,1.43,2.52,1.44,0.91,2.36,1.3,2.21,21,34,293,95,32.4,13.95,4.52,0.1,0.32,15,7,4,5,0.11,3.7,2.8,21,8434,9888,85.3,151301,49040,3522,3873,90.9,3911,4331,90.3,821,1275,64.4,23,20,3.9,204,662,175,40,781,21,9888,9041,815,240,36,55,360,335,91,51,24,0,8434,32,125,21,11859,1086,3493,5590,2867,506,11855,317,116,36.6,152,47.9,6945,35724,18273,343,246,97,249,116,8370,776,21,259,175,136,83,40,141,239,59,98,153,58,95,130,389,445,14,21,0,200,233,41,360,130,175,4,6,0,667,248,209,54.3,90,100,231,83,152,78,19,116,2.19,34,16,18,0.86,30.3,21,9.4,0.45,21,478,22.76,347,45,25,30,26,5,49,2.33,33,3,3,5,4,1,16,0.76,72,54,81.9,13,7,1,10,47.6,6,3,2,1,40,21,16,3,0,3,0,20.3,0.24,4.3,0.2,54,172,31.4,513,89,25.1,31.8,115,37.4,35.1,311,25,8,11,0.52,11.3
61,Monaco,Ligue 1,29,26.2,53.6,18,198,"1,620",18,26,19,45,22,4,5,43,5,31.5,27.6,21.4,49,275,741,1.44,1.06,2.5,1.22,2.28,1.75,1.19,2.94,1.53,2.72,18,26,221,69,31.2,12.28,3.83,0.1,0.32,15.1,5,4,5,0.14,-5.5,-5.6,18,7200,8810,81.7,122480,43218,3260,3642,89.5,3133,3604,86.9,592,1059,55.9,19,21.4,-2.4,160,595,172,35,741,18,8810,7985,784,199,38,34,332,340,79,42,24,0,7200,41,156,18,10763,950,2898,5390,2569,408,10758,237,97,40.9,130,54.9,5783,29041,14857,275,204,83,295,143,7146,737,18,285,185,120,119,46,134,277,48.4,143,223,69,154,199,484,373,14,18,1,237,200,41,332,199,185,2,5,1,770,222,182,55,90,100,198,80,112,81,22,81,1.28,28,33,-5,-0.28,31.5,28.9,2.7,0.15,18,366,20.33,282,31,10,23,13,7,42,2.33,35,1,1,2,2,1,33,1.83,82,50,64.6,7,2,9,2,11.1,5,4,0,1,0,18,33,4,0,3,1,29.2,0.33,-2.8,-0.16,43,124,34.7,383,70,24.8,31.7,119,24.4,25.2,204,13,6.4,30,1.67,16
62,Nantes,Ligue 1,28,25.8,43.2,18,198,"1,620",18,17,8,25,16,1,3,31,1,16.5,14,8.8,22.8,241,433,0.94,0.44,1.39,0.89,1.33,0.92,0.49,1.41,0.78,1.27,18,17,173,48,27.7,9.61,2.67,0.09,0.33,18.6,8,1,3,0.08,0.5,2,18,5256,6732,78.1,100161,36475,1942,2288,84.9,2640,3008,87.8,576,1136,50.7,8,8.9,-0.8,108,330,92,21,433,18,6732,5864,849,275,14,35,226,318,53,31,17,0,5256,19,131,18,8680,1364,3749,3493,1542,303,8677,291,122,41.9,157,54,4872,25855,13666,241,148,67,267,132,5201,429,18,262,164,149,86,27,135,236,57.2,101,178,69,109,119,381,501,15,18,0,222,236,22,226,119,164,3,3,1,629,195,218,47.2,90,100,198,82,114,84,19,78,0.78,17,30,-13,-0.72,16.5,28.6,-12,-0.67,18,298,16.56,204,26,18,23,22,5,27,1.5,18,1,2,5,1,0,30,1.67,94,65,71.3,3,5,10,3,16.7,3,3,0,0,0,18,30,3,0,3,1,26.7,0.26,-2.3,-0.13,73,206,35.4,487,83,34.1,32.2,158,25.3,27.6,313,14,4.5,19,1.06,12.9
63,Napoli,Serie A,25,29.4,57.5,21,231,"1,890",21,31,21,52,28,3,3,27,1,27.5,26.2,19.3,45.5,371,770,1.48,1,2.48,1.33,2.33,1.31,0.92,2.23,1.25,2.17,21,31,272,94,34.6,12.95,4.48,0.1,0.3,15.1,8,3,3,0.11,3.5,1.8,21,9107,10836,84,154925,49721,4228,4625,91.4,4140,4635,89.3,600,1122,53.5,21,19.9,1.7,177,638,148,45,770,21,10836,9918,895,254,29,34,399,355,106,67,8,0,9107,23,180,21,12648,1066,3703,6135,2904,411,12645,296,123,41.6,143,48.3,7744,37108,18165,371,252,88,269,177,9026,761,21,246,160,103,103,40,98,184,53.3,86,143,49,94,139,385,320,8,21,0,247,254,24,399,139,160,3,6,0,771,248,229,52,90,100,231,82,139,93,19,154,2.05,31,17,14,0.67,27.5,20.2,7.4,0.35,21,420,20,321,28,26,23,13,9,54,2.57,35,3,5,6,5,0,17,0.81,56,37,76.8,13,4,4,9,42.9,6,4,2,0,33.3,21,17,4,0,1,0,16.6,0.21,-0.4,-0.02,76,246,30.9,610,56,31.1,25.7,144,38.9,39.5,193,13,6.7,27,1.29,19.4
64,Newcastle United,Premier League,24,27.4,53.4,22,242,"1,980",22,32,17,49,28,4,4,32,2,31,27.9,21.4,49.3,354,943,1.45,0.77,2.23,1.27,2.05,1.41,0.97,2.38,1.27,2.24,22,32,280,94,33.6,12.73,4.27,0.1,0.3,16.4,4,4,4,0.11,1,0.1,22,8556,10661,80.3,149673,53103,3884,4367,88.9,3713,4283,86.7,769,1526,50.4,17,20.6,-4.4,199,738,192,56,943,22,10661,9663,972,243,35,55,555,398,134,81,35,2,8556,26,181,22,13132,1271,3925,5964,3360,518,13127,364,150,41.2,168,46.2,7507,36183,18129,354,230,88,315,180,8493,935,22,292,198,120,135,37,135,294,45.9,159,218,64,154,164,456,604,19,22,1,218,232,29,555,164,198,2,3,2,888,373,309,54.7,90,100,242,82,143,97,20,101,1.5,32,27,5,0.23,31,23.3,7.8,0.35,22,482,21.91,353,37,30,39,16,7,53,2.41,34,2,4,8,4,1,27,1.23,82,57,70.7,9,6,7,7,31.8,3,3,0,0,0,22,27,3,1,4,2,23.6,0.27,-1.4,-0.07,61,239,25.5,499,134,29.5,32.5,148,62.2,47.9,266,31,11.7,48,2.18,16.8
65,Nice,Ligue 1,32,25.6,48.1,18,198,"1,620",18,19,16,35,17,2,2,38,2,20.7,19.1,16.1,35.3,269,577,1.06,0.89,1.94,0.94,1.83,1.15,0.9,2.04,1.06,1.96,18,19,210,73,34.8,11.67,4.06,0.08,0.23,16.6,5,2,2,0.1,-1.7,-2.1,18,6528,7973,81.9,109629,39018,3147,3470,90.7,2699,3096,87.2,512,987,51.9,16,16.4,-0.1,153,480,128,48,577,18,7973,7221,726,214,28,51,332,268,84,32,35,0,6528,26,145,18,9860,1248,3410,4543,2005,315,9858,268,125,46.6,129,48.1,5790,29918,15541,269,194,54,270,138,6459,573,18,244,155,131,87,26,104,223,46.6,119,180,77,103,159,403,466,14,18,1,228,211,27,332,159,155,1,6,0,723,220,198,52.6,90,100,198,80,112,86,22,76,1,21,35,-14,-0.78,20.7,30.8,-10.2,-0.57,18,358,19.89,276,27,13,23,13,6,32,1.78,28,0,1,2,1,0,35,1.94,102,66,70.6,5,3,10,2,11.1,6,5,1,0,16.7,18,35,5,0,5,0,29.4,0.25,-5.6,-0.31,53,154,34.4,455,96,26.2,27.5,114,30.7,26.5,278,22,7.9,10,0.56,11.2
66,Nottingham Forest,Premier League,27,26.3,49.4,22,242,"1,980",22,21,13,34,19,2,2,35,0,24.6,23,18,41,358,886,0.95,0.59,1.55,0.86,1.45,1.12,0.82,1.94,1.05,1.86,22,21,264,82,31.1,12,3.73,0.07,0.23,16.8,8,2,2,0.09,-3.6,-4,22,8088,10168,79.5,140926,50156,3807,4223,90.1,3443,4001,86.1,701,1504,46.6,13,17.6,-5,189,732,187,59,886,22,10168,9139,999,261,22,50,532,412,114,68,26,0,8088,30,184,22,12624,1300,4031,5337,3380,457,12622,361,151,41.8,176,48.8,6922,35007,17718,358,273,80,345,183,8031,874,22,364,221,175,114,75,188,347,54.2,159,242,88,154,172,536,509,23,22,0,236,253,31,532,172,221,2,4,2,899,290,334,46.5,90,100,242,83,162,82,21,116,1,21,34,-13,-0.59,24.6,29.6,-5,-0.23,22,457,20.77,337,30,29,36,14,11,38,1.73,26,1,5,2,3,1,34,1.55,91,59,67,6,4,12,4,18.2,4,4,0,0,0,22,34,4,1,7,2,29,0.29,-3,-0.14,98,315,31.1,467,67,53.3,38.8,157,42,36.5,267,11,4.1,26,1.18,15.6
67,Osasuna,La Liga,22,28.6,45.8,20,220,"1,800",20,21,14,35,18,3,4,49,4,20.8,17.6,13.1,30.7,247,544,1.05,0.7,1.75,0.9,1.6,1.04,0.65,1.69,0.88,1.54,20,21,213,66,31,10.65,3.3,0.08,0.27,15.7,8,3,4,0.09,0.2,0.4,20,6292,8170,77,110788,44084,2931,3347,87.6,2514,3035,82.8,664,1339,49.6,14,14.6,0.9,139,442,112,45,544,20,8170,7264,884,251,13,55,352,365,58,18,31,0,6292,22,138,20,10345,1176,3504,4634,2327,370,10341,310,122,39.4,153,49.4,5590,28285,13595,247,238,72,301,154,6232,535,20,294,183,159,106,29,161,293,54.9,132,192,59,133,147,441,552,8,20,1,258,220,22,352,147,183,2,3,0,788,324,263,55.2,90,100,220,82,130,88,19,95,1.1,21,24,-3,-0.15,20.8,24.7,-3.9,-0.2,20,348,17.4,251,40,22,17,15,3,32,1.6,22,6,1,0,3,0,24,1.2,98,74,78.6,6,4,10,5,25,3,3,0,0,0,20,24,3,0,1,0,26.8,0.26,2.8,0.14,111,259,42.9,469,86,33.3,32.7,169,60.9,44,265,14,5.3,50,2.5,20.8
68,Oviedo,La Liga,29,28.8,45.3,20,220,"1,800",20,11,7,18,10,1,2,47,8,17.4,15.8,11.2,27,285,570,0.55,0.35,0.9,0.5,0.85,0.87,0.56,1.43,0.79,1.35,20,11,192,57,29.7,9.6,2.85,0.05,0.18,17,2,1,2,0.09,-6.4,-5.8,20,6634,8276,80.2,125129,43525,2696,3027,89.1,3032,3474,87.3,793,1401,56.6,7,13.5,-4.2,122,434,120,50,570,20,8276,7387,847,220,15,66,350,357,77,37,24,0,6634,42,147,20,10485,1435,4094,4450,2036,324,10483,318,154,48.4,145,45.6,5704,30435,15306,285,187,53,300,122,6555,560,20,329,213,189,121,19,177,321,55.1,144,186,67,119,151,480,556,22,20,4,250,202,44,350,151,213,1,4,0,708,265,228,53.8,90,100,220,80,118,96,21,141,0.65,11,31,-20,-1,17.4,32.5,-15.1,-0.76,20,311,15.55,229,25,21,19,10,7,13,0.65,7,2,1,2,0,1,31,1.55,126,93,77,2,7,11,5,25,4,2,2,0,50,20,31,2,1,5,0,35.7,0.27,4.7,0.23,114,286,39.9,558,58,40.9,34,147,39.5,34.9,288,9,3.1,37,1.85,15.6
69,Paris FC,Ligue 1,28,27.9,53.6,18,198,"1,620",18,24,15,39,20,4,4,36,2,22.3,19.2,15.3,34.5,278,648,1.33,0.83,2.17,1.11,1.94,1.24,0.85,2.09,1.07,1.92,18,24,211,60,28.4,11.72,3.33,0.09,0.33,17.5,1,4,4,0.1,1.7,0.8,18,7840,9276,84.5,142377,45913,3175,3487,91.1,3795,4181,90.8,734,1261,58.2,15,16.7,-0.3,154,509,124,35,648,18,9276,8480,760,216,26,60,309,290,77,50,5,0,7840,36,134,18,11049,1322,4036,4950,2145,336,11045,210,88,41.9,114,54.3,5848,30284,15540,278,187,85,242,140,7791,644,18,253,161,119,100,34,115,201,57.2,86,144,52,92,127,380,423,17,18,1,203,197,36,309,127,161,2,8,0,672,189,212,47.1,90,100,198,82,110,86,17,76,1.06,24,32,-8,-0.44,22.3,27.9,-5.6,-0.31,18,365,20.28,284,19,19,23,10,10,37,2.06,28,0,2,5,2,0,32,1.78,69,35,59.4,5,4,9,3,16.7,8,4,2,2,33.3,18,32,4,0,6,0,26.2,0.31,-5.8,-0.32,48,187,25.7,629,77,24.6,30.4,130,24.6,29,236,9,3.8,18,1,11.9
70,Paris Saint-Germain,Ligue 1,24,24.1,68.8,18,198,"1,620",18,40,29,69,37,3,4,20,0,30.9,27.8,23.6,51.4,435,999,2.22,1.61,3.83,2.06,3.67,1.72,1.31,3.03,1.54,2.85,18,40,312,120,38.5,17.33,6.67,0.12,0.31,17.7,13,3,4,0.09,9.1,9.2,18,11967,13235,90.4,198977,55116,5617,5980,93.9,5232,5572,93.9,831,1170,71,29,25.6,5.4,250,1046,198,33,999,18,13235,12554,667,159,42,78,263,296,107,26,22,0,11967,14,125,18,15006,922,3274,7453,4383,551,15002,374,149,39.8,205,54.8,9577,48582,24014,435,334,145,256,146,11903,994,18,251,165,80,108,63,133,231,57.6,98,159,38,121,113,364,231,9,18,0,184,148,15,263,113,165,4,3,1,790,123,132,48.2,90,100,198,80,119,79,24,77,2.33,40,15,25,1.39,30.9,15.4,15.6,0.87,18,546,30.33,448,27,25,17,23,6,67,3.72,48,5,3,4,5,2,15,0.83,52,37,73.1,13,3,2,9,50,3,1,1,1,50,18,15,1,0,1,1,12.5,0.21,-1.5,-0.08,22,64,34.4,382,59,10.5,25.2,73,32.9,29.4,137,8,5.8,16,0.89,17.1
71,Parma,Serie A,26,24.7,43.1,21,231,"1,890",21,13,6,19,11,2,2,40,3,18,16.5,11.9,28.4,223,480,0.62,0.29,0.9,0.52,0.81,0.86,0.57,1.43,0.78,1.35,21,13,231,55,23.8,11,2.62,0.05,0.2,17.3,7,2,2,0.08,-5,-5.5,21,5457,7286,74.9,104132,40111,2204,2567,85.9,2447,2956,82.8,675,1369,49.3,6,9.1,-5.9,144,400,91,35,480,21,7286,6353,911,309,7,36,354,334,62,44,17,0,5457,22,144,21,9419,1259,3443,4050,2019,293,9417,248,92,37.1,124,50,4914,24651,12241,223,171,38,284,162,5384,477,21,285,184,151,111,23,175,316,55.4,141,203,69,134,155,440,498,6,21,2,228,284,23,354,155,184,0,3,0,681,300,296,50.3,90,100,231,82,139,91,19,185,1.1,14,22,-8,-0.38,18,24.4,-6.4,-0.3,21,369,17.57,237,50,16,31,28,7,16,0.76,6,4,0,6,0,0,22,1.05,86,63,76.7,5,8,8,7,33.3,3,2,1,0,33.3,21,22,2,0,3,0,21.1,0.22,-0.9,-0.04,130,341,38.1,583,93,40,41.9,166,65.1,48.5,341,19,5.6,31,1.48,17
72,Pisa,Serie A,30,27.5,40.5,21,231,"1,890",21,15,8,23,10,5,6,42,2,21.9,17.4,14.3,31.7,255,543,0.71,0.38,1.1,0.48,0.86,1.04,0.68,1.73,0.83,1.51,21,15,211,50,23.7,10.05,2.38,0.05,0.2,15.3,1,5,6,0.09,-6.9,-7.4,21,5140,7024,73.2,101112,42595,1979,2334,84.8,2276,2797,81.4,752,1477,50.9,8,13.9,-6.3,155,412,136,61,543,21,7024,6082,914,275,11,37,388,335,73,27,34,0,5140,28,139,21,9406,1423,3591,3935,1989,360,9400,287,99,34.5,155,54,4543,23542,11720,255,166,64,321,137,5084,529,21,329,206,161,130,38,145,295,49.2,150,206,81,125,171,500,626,10,21,0,274,249,28,388,171,206,3,3,0,772,401,327,55.1,90,100,231,80,129,100,23,194,0.67,16,31,-15,-0.71,21.9,29.1,-7.2,-0.34,21,359,17.1,247,48,20,20,19,5,22,1.05,11,1,3,4,3,0,31,1.48,95,64,70.5,1,11,9,4,19,3,3,0,0,0,21,31,3,1,4,0,27.8,0.27,-3.2,-0.15,167,373,44.8,501,68,56.3,34.7,182,50,37.6,292,22,7.5,7,0.33,7.9
73,Rayo Vallecano,La Liga,25,29.5,54.2,20,220,"1,800",20,16,12,28,14,2,3,53,5,26.2,23.8,18.2,42,301,720,0.8,0.6,1.4,0.7,1.3,1.31,0.91,2.22,1.19,2.1,20,16,269,83,30.9,13.45,4.15,0.05,0.17,18.8,11,2,3,0.1,-10.2,-9.8,20,7400,9223,80.2,136132,49476,2979,3320,89.7,3461,3927,88.1,791,1509,52.4,12,17,-6.2,187,588,119,43,720,20,9223,8269,913,205,23,62,424,395,114,51,41,2,7400,41,195,20,11455,1364,3971,4955,2646,341,11452,275,125,45.5,129,46.9,6044,30550,15855,301,217,57,340,136,7345,718,20,313,187,156,124,33,150,314,47.8,164,227,70,157,157,470,471,16,20,1,272,195,42,424,157,187,3,3,0,823,186,244,43.3,90,100,220,81,119,98,21,123,1.1,16,25,-9,-0.45,26.2,23.9,2.2,0.11,20,445,22.25,330,45,16,27,19,8,29,1.45,20,3,2,1,2,1,25,1.25,79,55,73.4,5,7,8,6,30,4,4,0,0,0,20,25,4,0,2,0,23.6,0.27,-1.4,-0.07,122,322,37.9,591,76,46.9,38.5,158,28.5,27.8,252,17,6.7,29,1.45,16.1
74,RB Leipzig,Bundesliga,26,25.9,50.4,17,187,"1,530",17,32,24,56,31,1,2,25,0,27.9,26.4,19.2,45.6,316,561,1.88,1.41,3.29,1.82,3.24,1.64,1.13,2.77,1.55,2.68,17,32,281,95,33.8,16.53,5.59,0.11,0.33,14.6,10,1,2,0.11,4.1,4.6,17,6376,7741,82.4,112134,37928,2712,3026,89.6,2922,3310,88.3,578,1013,57.1,24,20.4,4.8,184,428,118,15,561,17,7741,7046,673,183,30,32,261,246,88,34,30,0,6376,22,130,17,9752,1119,3371,4381,2096,424,9750,325,158,48.6,150,46.2,5434,27742,15047,316,199,103,251,122,6348,559,17,239,158,135,79,25,107,209,51.2,102,197,64,133,166,405,470,13,17,0,160,178,22,261,166,158,1,0,0,682,182,199,47.8,90,100,187,84,108,79,15,74,1.88,33,24,9,0.53,27.9,20.7,7.2,0.42,17,437,25.71,301,46,29,28,24,9,49,2.88,36,3,5,4,1,0,24,1.41,69,45,65.2,10,2,5,8,47.1,0,0,0,0,,17,24,0,0,2,0,17.6,0.25,-6.4,-0.38,34,112,30.4,400,62,20.3,28.7,122,25.4,27.9,207,12,5.8,20,1.18,14.3
75,Real Betis,La Liga,26,28.2,50.2,20,220,"1,800",20,32,25,57,31,1,1,39,1,29.3,28.5,23.2,51.7,345,743,1.6,1.25,2.85,1.55,2.8,1.46,1.16,2.62,1.43,2.58,20,32,297,100,33.7,14.85,5,0.1,0.31,17.2,6,1,1,0.1,2.7,2.5,20,7853,9551,82.2,130584,46166,3784,4138,91.4,3045,3516,86.6,687,1260,54.5,25,18.4,1.8,225,554,169,38,743,20,9551,8610,913,305,36,73,318,333,94,37,33,0,7853,28,187,20,11912,1180,3917,5128,2978,455,11911,317,134,42.3,137,43.2,6861,33743,17350,345,252,102,282,167,7802,737,20,326,197,159,117,50,151,337,44.8,186,193,57,136,182,508,602,11,20,0,209,255,32,318,182,197,1,3,1,835,237,231,50.6,90,100,220,82,135,85,20,130,1.6,33,25,8,0.4,29.3,23.7,5.6,0.28,20,506,25.3,391,36,29,22,14,14,52,2.6,37,2,4,7,2,0,25,1.25,82,57,70.7,8,8,4,7,35,3,1,1,1,50,20,25,1,0,5,1,22.4,0.26,-1.6,-0.08,57,194,29.4,504,71,29,32.7,138,34.8,35.7,278,14,5,29,1.45,16.5
76,Real Madrid,La Liga,26,25.8,59.1,20,220,"1,800",20,43,34,77,36,7,9,36,4,44.7,38.4,32.5,70.9,464,1027,2.15,1.7,3.85,1.8,3.5,2.24,1.62,3.86,1.92,3.55,20,43,386,140,36.3,19.3,7,0.09,0.26,17,12,7,9,0.11,-1.7,-2.4,20,10254,11691,87.7,174434,53278,4903,5261,93.2,4235,4607,91.9,859,1323,64.9,34,29.2,1.5,287,1006,194,24,1027,20,11691,10807,852,256,44,109,308,314,119,44,37,0,10254,32,138,20,13933,1032,3294,6387,4382,668,13925,489,216,44.2,218,44.6,8228,43635,22926,464,293,203,260,131,10200,1017,20,333,203,137,133,63,162,283,57.2,121,214,59,155,138,471,357,10,20,1,201,264,32,308,138,203,6,2,0,793,208,147,58.6,90,100,220,82,127,90,19,132,2.4,43,17,26,1.3,44.7,21.7,23,1.15,20,658,32.9,483,46,49,38,30,12,76,3.8,52,3,9,3,7,2,17,0.85,62,45,75.8,15,3,2,9,45,2,2,0,0,0,20,17,2,1,1,0,17.9,0.27,0.9,0.04,53,168,31.5,537,90,24,29.7,127,30.7,30.3,195,12,6.2,25,1.25,16
77,Real Sociedad,La Liga,29,26.5,50.6,20,220,"1,800",20,26,17,43,23,3,3,45,1,25.8,23.5,19.5,43,316,760,1.3,0.85,2.15,1.15,2,1.29,0.98,2.27,1.17,2.15,20,26,266,96,36.1,13.3,4.8,0.09,0.24,17.3,7,3,3,0.09,0.2,-0.5,20,7445,9323,79.9,129085,48018,3373,3783,89.2,3196,3708,86.2,660,1261,52.3,17,18.1,-2.5,199,627,135,40,760,20,9323,8347,933,251,34,54,394,369,121,63,24,0,7445,43,194,20,11564,1091,3282,5560,2822,420,11561,351,154,43.9,158,45,6592,32571,17059,316,237,97,318,139,7373,754,20,357,226,167,143,47,166,334,49.7,168,187,56,131,151,508,452,7,20,0,306,226,47,394,151,226,1,3,1,759,280,278,50.2,90,100,220,81,120,100,21,139,1.2,26,28,-2,-0.1,25.8,23.9,1.9,0.09,20,454,22.7,325,51,25,25,19,9,39,1.95,29,1,4,3,2,0,28,1.4,72,45,65.3,6,6,8,1,5,3,3,0,0,0,20,28,3,0,3,1,21.8,0.27,-5.2,-0.26,116,263,44.1,558,69,34.6,32.1,147,47.6,41.2,221,15,6.8,28,1.4,17
78,Rennes,Ligue 1,28,26.6,51.1,18,198,"1,620",18,29,23,52,27,2,2,31,4,25.8,24.3,20.2,44.5,271,669,1.61,1.28,2.89,1.5,2.78,1.44,1.12,2.56,1.35,2.47,18,29,233,80,34.3,12.94,4.44,0.12,0.34,16.7,3,2,2,0.12,3.2,2.7,18,7125,8624,82.6,123223,43070,3142,3489,90.1,3228,3613,89.3,587,1098,53.5,23,16.4,2.8,172,584,123,32,669,18,8624,7774,815,237,18,40,338,306,92,40,26,0,7125,35,152,18,10465,1150,3510,4616,2431,331,10463,252,111,44,130,51.6,5478,29269,15044,271,202,73,257,132,7068,665,18,274,168,133,104,37,134,240,55.8,106,189,73,116,148,422,394,15,18,1,215,210,40,338,148,168,1,4,0,711,175,149,54,90,100,198,81,120,75,21,87,1.72,30,25,5,0.28,25.8,25.9,-0.1,0,18,371,20.61,273,29,26,26,12,5,45,2.5,37,3,0,3,2,0,25,1.39,77,51,71.4,8,7,3,5,27.8,4,3,1,0,25,18,25,3,0,1,0,23.3,0.26,-1.7,-0.1,61,197,31,570,71,28.8,31.3,139,23.7,27.2,249,11,4.4,24,1.33,17.5
79,Roma,Serie A,26,26.8,57.8,21,231,"1,890",21,26,17,43,25,1,2,40,1,25.5,24.1,18.7,42.8,339,905,1.24,0.81,2.05,1.19,2,1.22,0.89,2.11,1.15,2.04,21,26,286,99,34.6,13.62,4.71,0.09,0.25,16,9,1,2,0.09,0.5,0.9,21,8718,10712,81.4,154535,52894,3736,4193,89.1,3998,4553,87.8,787,1442,54.6,17,19.4,-1.7,212,683,183,32,905,21,10712,9679,1005,326,22,58,374,413,102,56,38,0,8718,28,174,21,12995,1122,3764,5931,3414,518,12993,339,114,33.6,181,53.4,7178,34708,16955,339,297,97,353,193,8663,898,21,327,197,139,140,48,150,291,51.5,141,181,48,133,173,500,422,11,21,0,305,296,31,374,173,197,0,0,0,878,303,310,49.4,90,100,231,80,134,99,22,151,2,26,12,14,0.67,25.5,22.9,2.7,0.13,21,487,23.19,371,40,14,40,17,5,37,1.76,30,2,0,5,0,0,12,0.57,76,64,84.2,14,0,7,10,47.6,0,0,0,0,,21,12,0,0,3,0,19,0.25,7,0.33,91,251,36.3,596,105,28.9,32.5,132,59.8,47.4,186,14,7.5,15,0.71,13.2
80,Sassuolo,Serie A,27,26.6,45.6,21,231,"1,890",21,23,17,40,21,2,3,47,1,19.9,17.3,14.3,31.6,314,592,1.1,0.81,1.9,1,1.81,0.95,0.68,1.63,0.82,1.5,21,23,220,74,33.6,10.48,3.52,0.1,0.28,16.1,9,2,3,0.09,3.1,3.7,21,6916,8617,80.3,121503,44136,3155,3532,89.3,2899,3297,87.9,685,1315,52.1,17,13.2,2.7,156,505,125,38,592,21,8617,7678,902,293,17,51,260,330,70,35,16,0,6916,37,144,21,10849,1288,3864,4772,2308,344,10846,283,104,36.7,147,51.9,5747,30015,15275,314,179,77,333,175,6877,586,21,274,170,126,104,44,150,270,55.6,120,209,63,146,177,451,525,14,21,1,268,276,39,260,177,170,3,4,2,763,252,292,46.3,90,100,231,82,130,100,18,179,1.1,23,28,-5,-0.24,19.9,29.4,-9.5,-0.45,21,365,17.38,285,26,14,16,18,6,42,2,28,3,4,3,3,1,28,1.33,105,79,77.1,6,5,10,4,19,4,4,0,0,0,21,28,4,1,4,2,29,0.25,3,0.14,111,326,34,553,105,43.2,34.8,162,53.7,42.1,305,47,15.4,16,0.76,12.2
81,Sevilla,La Liga,31,27.6,54.3,20,220,"1,800",20,23,17,40,20,3,4,63,2,19.2,17,14.8,31.8,319,651,1.15,0.85,2,1,1.85,0.96,0.74,1.7,0.85,1.59,20,23,231,72,31.2,11.55,3.6,0.09,0.28,15.5,4,3,4,0.08,3.8,3,20,7226,9027,80,133801,47053,2975,3345,88.9,3280,3749,87.5,815,1458,55.9,17,13.8,2.2,166,557,143,42,651,20,9027,8083,891,274,27,78,333,366,98,47,32,0,7226,53,164,20,11208,1194,3943,4829,2524,411,11205,328,131,39.9,165,50.3,6082,31325,15924,319,205,85,317,146,7180,646,20,348,232,169,142,37,178,329,54.1,151,183,49,134,162,510,476,15,20,1,304,263,54,333,162,232,3,7,0,802,272,232,54,90,100,220,81,132,89,23,136,1.05,26,32,-6,-0.3,19.2,30.1,-10.9,-0.55,20,367,18.35,265,43,20,21,14,4,37,1.85,25,3,5,1,3,0,32,1.6,95,63,72.6,6,3,11,4,20,7,6,0,1,0,20,32,6,1,1,0,32.5,0.3,0.5,0.03,84,259,32.4,573,92,34,34.4,105,61,47.6,233,4,1.7,13,0.65,12
82,St Pauli,Bundesliga,21,27.7,46.4,17,187,"1,530",17,16,12,28,15,1,2,29,1,12.2,10.6,8.4,19,184,558,0.94,0.71,1.65,0.88,1.59,0.72,0.49,1.21,0.62,1.12,17,16,174,56,32.2,10.24,3.29,0.09,0.27,17.4,4,1,2,0.07,3.8,4.4,17,5860,7587,77.2,99404,37189,2749,3145,87.4,2493,2927,85.2,465,1098,42.3,12,11.6,3.6,112,509,116,22,558,17,7587,6845,713,176,21,28,322,328,76,27,38,0,5860,29,140,17,9208,871,2987,4113,2175,253,9206,162,70,43.2,85,52.5,4038,18554,9413,184,117,29,219,100,5783,555,17,247,166,111,93,43,124,216,57.4,92,144,45,99,149,396,381,10,17,0,177,161,33,322,149,166,1,2,0,608,209,295,41.5,90,100,187,82,118,69,21,84,0.71,16,31,-15,-0.88,12.2,23.7,-11.5,-0.68,17,275,16.18,211,15,13,22,9,5,20,1.18,13,1,1,3,2,0,31,1.82,87,56,66.7,3,3,11,2,11.8,4,2,2,0,50,17,31,2,0,1,0,29.8,0.33,-1.2,-0.07,40,160,25,461,58,31.7,30.2,92,15.2,18.5,156,13,8.3,16,0.94,13.3
83,Strasbourg,Ligue 1,26,22,52.5,18,198,"1,620",18,28,21,49,25,3,3,38,4,26,23.6,19.6,43.2,279,693,1.56,1.17,2.72,1.39,2.56,1.44,1.09,2.53,1.31,2.4,18,28,197,69,35,10.94,3.83,0.13,0.36,15.2,10,3,3,0.14,2,1.4,18,8257,9612,85.9,136926,44530,3841,4174,92,3733,4145,90.1,504,887,56.8,21,17.6,1.4,137,467,140,32,693,18,9612,8846,739,243,56,12,292,268,67,23,35,3,8257,27,119,18,11429,1124,3900,5465,2161,328,11426,321,143,44.5,166,51.7,7392,31613,15799,279,201,61,269,147,8204,687,18,278,166,104,124,50,146,263,55.5,117,172,39,133,136,414,353,17,18,1,210,234,29,292,136,166,3,3,1,760,173,154,52.9,90,100,198,81,115,81,22,81,1.5,28,22,6,0.33,26,21.1,4.9,0.27,18,326,18.11,228,27,19,20,18,14,43,2.39,27,0,3,7,3,3,22,1.22,67,46,71.6,8,3,7,7,38.9,4,3,1,0,25,18,22,3,0,1,1,22.4,0.31,1.4,0.08,46,137,33.6,659,43,17,29.6,123,20.3,22.7,216,14,6.5,16,0.89,18.9
84,Stuttgart,Bundesliga,26,25.8,56.8,18,198,"1,620",18,33,27,60,30,3,4,34,1,24.4,21.3,17.9,39.2,286,680,1.83,1.5,3.33,1.67,3.17,1.36,0.99,2.35,1.18,2.18,18,33,272,100,36.8,15.11,5.56,0.11,0.3,15.5,3,3,4,0.09,8.6,8.7,18,7372,8966,82.2,123752,43767,3513,3914,89.8,3131,3592,87.2,539,1006,53.6,27,22.6,9.1,190,613,149,48,680,18,8966,8190,738,220,23,30,345,304,88,46,9,2,7372,38,144,18,10771,1039,3011,5203,2642,394,10767,191,84,44,94,49.2,5768,30015,15072,286,206,75,243,134,7287,671,18,217,149,92,97,28,101,178,56.7,77,173,53,120,174,391,418,6,18,0,178,219,44,345,174,149,4,5,1,654,275,229,54.6,90,100,198,83,114,85,15,77,1.83,33,26,7,0.39,24.4,22.3,2.1,0.12,18,445,24.72,348,35,16,23,16,7,55,3.06,46,3,1,2,3,0,26,1.44,76,51,72.4,10,3,5,6,33.3,5,5,0,0,0,18,26,5,0,0,1,24.5,0.28,-0.5,-0.03,84,200,42,541,81,32.2,32.4,87,29.9,29.2,196,16,8.2,31,1.72,15.3
85,Sunderland,Premier League,26,26,43.5,22,242,"1,980",22,21,15,36,19,2,3,44,2,18.5,16.1,11.7,27.8,272,620,0.95,0.68,1.64,0.86,1.55,0.84,0.53,1.37,0.73,1.26,22,21,212,68,32.1,9.64,3.09,0.09,0.28,15.1,3,2,3,0.08,2.5,2.9,22,6458,8510,75.9,118098,43006,2718,3121,87.1,2875,3387,84.9,687,1495,46,15,11.4,3.3,140,536,131,31,620,22,8510,7586,892,234,25,51,343,354,76,64,1,2,6458,32,178,22,10885,1489,4038,4618,2327,371,10882,265,113,42.6,130,49.1,5929,31006,16210,272,201,58,279,146,6379,614,22,343,210,184,119,40,195,337,57.9,142,228,90,138,187,530,700,20,22,0,215,223,32,343,187,210,3,1,1,742,391,382,50.6,90,100,242,83,161,80,20,118,1.5,23,23,0,0,18.5,30.6,-12.1,-0.55,22,351,15.95,254,40,18,20,14,5,33,1.5,23,3,0,3,4,0,23,1.05,95,72,75.8,8,9,5,7,31.8,1,0,1,0,100,22,23,0,0,4,1,25,0.27,3,0.14,98,391,25.1,708,86,41.5,35.4,185,52.4,41.5,372,38,10.2,24,1.09,12.3
86,Torino,Serie A,25,28.1,44.7,21,231,"1,890",21,20,12,32,17,3,5,38,0,23.9,19.9,14,34,270,637,0.95,0.57,1.52,0.81,1.38,1.14,0.67,1.81,0.95,1.62,21,20,249,89,35.7,11.86,4.24,0.07,0.19,17.9,3,3,5,0.08,-3.9,-2.9,21,6392,8312,76.9,122179,45615,2486,2903,85.6,2991,3489,85.7,798,1514,52.7,12,14.6,-2,177,556,146,55,637,21,8312,7401,879,235,13,47,389,347,86,36,43,0,6392,32,151,21,10626,1236,3709,4678,2349,405,10621,269,121,45,120,44.6,5341,27006,12845,270,200,67,328,171,6341,631,21,330,204,155,122,53,157,287,54.7,130,197,74,123,177,507,535,16,21,0,298,221,33,389,177,204,3,3,0,756,336,346,49.3,90,100,231,81,127,104,21,167,1.1,21,34,-13,-0.62,23.9,28.1,-4.2,-0.2,21,421,20.05,325,35,17,20,13,11,34,1.62,27,2,3,1,1,0,34,1.62,86,52,64,6,5,10,8,38.1,3,3,0,0,0,21,34,3,0,6,0,27.8,0.3,-6.2,-0.3,135,371,36.4,562,76,50.7,37.6,161,53.4,40.6,267,16,6,24,1.14,15.1
87,Tottenham Hotspur,Premier League,25,25.9,51.6,22,242,"1,980",22,30,24,54,30,0,0,60,2,20.1,20.1,15.7,35.9,382,681,1.36,1.09,2.45,1.36,2.45,0.92,0.71,1.63,0.92,1.63,22,30,235,75,31.9,10.68,3.41,0.13,0.4,14.3,4,0,0,0.1,9.9,9.9,22,7602,9701,78.4,138197,47810,3182,3596,88.5,3559,4094,86.9,725,1552,46.7,24,14.5,8.3,154,591,140,52,681,22,9701,8681,981,230,11,55,492,423,109,91,8,3,7602,39,199,22,12278,1473,4441,5080,2907,454,12278,449,194,43.2,207,46.1,6567,35796,17756,382,249,85,372,202,7508,673,22,414,268,190,178,46,191,324,59,133,228,57,171,159,573,602,25,22,1,241,200,40,492,159,268,0,1,0,929,319,370,46.3,90,100,242,82,144,97,19,100,1.23,31,29,2,0.09,20.1,26.7,-6.6,-0.3,22,372,16.91,272,38,22,21,12,7,45,2.05,30,3,3,7,0,2,29,1.32,86,57,67.4,7,6,9,7,31.8,1,1,0,0,0,22,29,1,0,2,0,27.2,0.32,-1.8,-0.08,89,298,29.9,667,98,34.2,32.3,171,40.9,33.8,290,16,5.5,41,1.86,15.8
88,Toulouse,Ligue 1,23,24.7,40.8,18,198,"1,620",18,28,16,44,24,4,7,41,2,23.8,18.4,13.2,31.6,244,550,1.56,0.89,2.44,1.33,2.22,1.32,0.73,2.05,1.02,1.76,18,28,218,67,30.7,12.11,3.72,0.11,0.36,14.5,3,4,7,0.1,4.2,5.6,18,4969,6411,77.5,90672,35592,2096,2429,86.3,2266,2682,84.5,505,993,50.9,16,14.7,2.8,150,415,119,29,550,18,6411,5683,711,207,20,27,291,275,76,47,22,0,4969,17,125,18,8340,929,2764,3749,1935,393,8333,309,141,45.6,156,50.5,4397,22474,11679,244,159,86,255,149,4912,542,18,271,169,127,108,36,145,248,58.5,103,160,59,101,159,430,438,12,18,0,258,207,17,291,159,169,5,4,0,697,258,231,52.8,90,100,198,82,119,80,19,82,1.44,29,23,6,0.33,23.8,21.2,2.6,0.14,18,338,18.78,223,46,22,25,12,10,38,2.11,16,6,7,5,4,0,23,1.28,61,38,68.9,7,5,6,6,33.3,4,4,0,0,0,18,23,4,0,3,0,21.9,0.31,-1.1,-0.06,80,212,37.7,373,53,43.7,34,115,42.6,33.1,243,17,7,16,0.89,13.1
89,Udinese,Serie A,27,27.1,46.2,21,231,"1,890",21,22,16,38,19,3,3,37,1,23,20.7,15.3,36,313,565,1.05,0.76,1.81,0.9,1.67,1.1,0.73,1.82,0.99,1.71,21,22,245,72,29.4,11.67,3.43,0.08,0.26,18.2,8,3,3,0.09,-1,-1.7,21,6254,8049,77.7,116744,42270,2519,2902,86.8,2821,3288,85.8,751,1404,53.5,16,13.2,0.7,180,472,128,31,565,21,8049,7095,927,271,9,32,334,360,90,58,20,0,6254,27,154,21,10403,1249,3601,4500,2431,407,10400,342,148,43.3,162,47.4,5559,30163,14710,313,237,76,316,161,6192,563,21,303,194,142,132,29,140,259,54.1,119,193,67,126,172,475,605,14,21,0,292,237,28,334,172,194,2,6,1,747,329,295,52.7,90,100,231,80,128,102,22,191,1.24,22,33,-11,-0.52,23,27.4,-4.4,-0.21,21,402,19.14,288,39,21,26,21,7,39,1.86,26,3,4,4,2,0,33,1.57,81,48,65.4,7,5,9,4,19,6,5,1,0,16.7,21,33,5,2,4,1,27.2,0.28,-4.8,-0.23,97,278,34.9,505,60,40,29.6,155,49,36.9,281,12,4.3,26,1.24,14
90,Union Berlin,Bundesliga,22,27.7,39.2,18,198,"1,620",18,24,15,39,24,0,2,40,2,20.8,19.2,12.7,31.8,155,425,1.33,0.83,2.17,1.33,2.17,1.15,0.7,1.86,1.06,1.77,18,24,234,62,26.5,13,3.44,0.1,0.39,13.3,1,0,2,0.1,3.2,4.8,18,4048,5799,69.8,75913,31361,1723,2031,84.8,1667,2136,78,539,1236,43.6,15,14.2,2.3,142,343,97,39,425,18,5799,5014,757,194,9,20,362,318,83,42,37,0,4048,28,139,18,7811,930,2662,3385,1836,346,7809,180,73,40.6,101,56.1,3730,17866,8877,155,107,39,295,138,4006,415,18,243,170,116,98,29,112,215,52.1,103,167,57,110,154,397,539,7,18,0,239,180,28,362,154,170,2,3,0,629,345,346,49.9,90,100,198,81,111,85,20,77,1.33,24,27,-3,-0.17,20.8,21,-0.3,-0.01,18,326,18.11,205,49,8,31,25,8,33,1.83,23,2,0,6,2,0,27,1.5,79,52,69.6,6,6,6,4,22.2,3,3,0,0,0,18,27,3,0,2,0,24.4,0.28,-2.6,-0.14,99,323,30.7,432,68,52.1,38.6,122,80.3,54,234,20,8.5,12,0.67,12.7
91,Valencia,La Liga,24,27.1,48.8,20,220,"1,800",20,19,15,34,18,1,3,39,2,21.9,19.6,14.9,34.6,296,709,0.95,0.75,1.7,0.9,1.65,1.09,0.75,1.84,0.98,1.73,20,19,226,55,24.3,11.3,2.75,0.08,0.33,17.2,10,1,3,0.09,-2.9,-1.6,20,7151,8912,80.2,126928,43581,3124,3516,88.9,3216,3704,86.8,670,1266,52.9,15,16.7,0.1,144,582,120,31,709,20,8912,7974,909,265,20,64,386,357,104,37,55,0,7151,29,151,20,11000,1162,3593,4956,2550,372,10997,333,152,45.6,139,41.7,5732,30174,15081,296,201,70,265,145,7085,707,20,278,163,145,98,35,144,247,58.3,103,169,52,117,141,419,496,12,20,0,244,219,31,386,141,163,2,4,1,730,212,254,45.5,90,100,220,80,121,98,22,138,1,19,31,-12,-0.6,21.9,25,-3.1,-0.16,20,378,18.9,277,27,22,31,16,5,30,1.5,22,3,3,2,0,0,31,1.55,85,54,67.1,4,8,8,5,25,4,3,1,0,25,20,31,3,0,4,1,25.6,0.28,-4.4,-0.22,72,215,33.5,454,75,35.7,39.3,134,39.6,36,228,24,10.5,40,2,4
92,Villarreal,La Liga,26,26.8,44.1,19,209,"1,710",19,37,25,62,36,1,1,43,3,29.8,29,22.6,51.7,361,655,1.95,1.32,3.26,1.89,3.21,1.57,1.19,2.76,1.53,2.72,19,37,244,90,36.9,12.84,4.74,0.15,0.4,15.7,3,1,1,0.13,7.2,7,19,6614,8093,81.7,116009,40995,3032,3357,90.3,2875,3289,87.4,592,1086,54.5,25,20.9,2.4,181,513,138,30,655,19,8093,7279,772,202,47,52,239,323,75,46,12,0,6614,42,117,19,10208,1169,3527,4281,2529,457,10207,332,143,43.1,153,46.1,5853,28895,16338,361,245,120,284,146,6569,652,19,326,205,162,121,43,192,341,56.3,149,216,79,137,170,496,463,21,19,1,233,207,45,239,170,205,1,4,0,738,182,198,47.9,90,100,209,80,113,93,22,115,2.16,37,19,18,0.95,29.8,21.1,8.7,0.46,19,414,21.79,310,36,24,22,19,3,56,2.95,43,1,4,6,1,1,19,1,66,46,75.8,13,2,4,7,36.8,4,3,1,0,25,19,19,3,1,0,0,16.7,0.21,-2.3,-0.12,42,165,25.5,344,85,33.4,37.8,138,36.2,32.6,260,21,8.1,24,1.26,12.3
93,Werder Bremen,Bundesliga,25,25.5,49.2,17,187,"1,530",17,21,16,37,19,2,3,44,3,17.6,15.3,12.9,28.2,228,558,1.24,0.94,2.18,1.12,2.06,1.04,0.76,1.79,0.9,1.66,17,21,198,66,33.3,11.65,3.88,0.1,0.29,17,8,2,3,0.09,3.4,3.7,17,5962,7435,80.2,110631,37975,2321,2654,87.5,2851,3260,87.5,635,1135,55.9,16,14.4,3.1,131,427,121,33,558,17,7435,6749,664,152,17,54,265,282,65,17,32,0,5962,22,119,17,9266,1211,3367,3986,1987,294,9263,211,88,41.7,116,55,4961,24706,12695,228,175,50,237,107,5919,551,17,261,163,127,106,28,125,244,51.2,119,199,65,134,153,414,483,9,17,3,173,161,24,265,153,163,2,3,1,587,193,181,51.6,90,100,187,83,114,71,17,82,1.06,21,34,-13,-0.76,17.6,26.1,-8.4,-0.5,17,315,18.53,242,20,18,14,14,7,34,2,25,0,3,3,2,1,34,2,100,67,69,4,6,7,4,23.5,3,3,0,0,0,17,34,3,0,2,1,30,0.28,-3,-0.18,41,123,33.3,459,89,20.5,29.7,123,23.6,25.5,246,24,9.8,19,1.12,17.6
94,West Ham United,Premier League,30,27,43.3,22,242,"1,980",22,22,12,34,20,2,2,38,2,21.5,20.1,12.8,32.9,264,641,1,0.55,1.55,0.91,1.45,0.98,0.58,1.56,0.91,1.5,22,22,225,70,31.1,10.23,3.18,0.09,0.29,14.8,4,2,2,0.1,0.5,-0.1,22,6903,8884,77.7,119673,43389,3263,3661,89.1,2769,3231,85.7,671,1470,45.6,12,11.6,-0.8,150,530,126,31,641,22,8884,7850,996,252,30,54,373,383,112,78,25,0,6903,38,170,22,11452,1462,3954,5070,2535,366,11450,337,139,41.2,158,46.9,5611,29097,14277,264,204,79,316,184,6850,632,22,364,230,183,134,47,175,304,57.6,129,236,89,147,194,558,658,14,22,1,245,232,39,373,194,230,1,6,1,801,313,344,47.6,90,100,242,83,161,79,20,119,0.77,24,44,-20,-0.91,21.5,35.6,-14.1,-0.64,22,351,15.95,238,35,27,29,11,11,25,1.14,15,2,0,7,1,0,44,2,120,77,67.5,4,5,13,1,4.5,6,5,0,1,0,22,44,5,0,12,1,38.4,0.3,-4.6,-0.21,111,397,28,506,101,51.2,40.1,185,74.6,51.9,372,19,5.1,3,0.14,6.7
95,Wolfsburg,Bundesliga,27,26,47.1,18,198,"1,620",18,27,22,49,25,2,2,35,1,21.9,21.1,17.2,38.2,186,450,1.5,1.22,2.72,1.39,2.61,1.21,0.95,2.17,1.17,2.12,18,27,213,76,35.7,11.83,4.22,0.12,0.33,15.2,4,2,2,0.11,5.1,3.9,18,5531,7053,78.4,100990,36527,2283,2587,88.2,2530,2920,86.6,584,1154,50.6,22,16.1,4.8,148,377,89,29,450,18,7053,6320,715,186,27,26,260,271,55,35,17,0,5531,18,143,18,9043,1450,3822,3544,1736,284,9042,176,66,37.5,102,58,4778,21253,10397,186,129,57,233,115,5470,448,18,246,162,129,88,29,110,226,48.7,116,186,60,126,172,418,579,7,18,1,197,170,23,260,172,162,1,6,4,571,220,253,46.5,90,100,198,83,118,80,18,82,1.06,27,38,-11,-0.61,21.9,28.4,-6.6,-0.37,18,337,18.72,256,30,10,21,14,6,44,2.44,36,2,2,0,3,1,38,2.11,91,55,61.5,5,4,9,1,5.6,6,3,2,1,40,18,38,3,1,4,4,33.2,0.32,-0.8,-0.04,68,251,27.1,536,76,33,32.5,150,49.3,40.3,341,14,4.1,16,0.89,11.8
96,Wolves,Premier League,26,26.7,44.4,22,242,"1,980",22,14,9,23,12,2,3,46,2,19.8,17.4,12.2,29.6,283,592,0.64,0.41,1.05,0.55,0.95,0.9,0.55,1.45,0.79,1.34,22,14,194,66,34,8.82,3,0.06,0.18,16.9,8,2,3,0.09,-5.8,-5.4,22,6977,8983,77.7,129322,46750,2923,3398,86,3152,3657,86.2,748,1522,49.1,9,12.6,-3.2,138,580,151,75,592,22,8983,8039,918,229,16,36,430,394,68,52,11,0,6977,26,172,22,11522,1490,4008,5164,2472,409,11519,317,133,42,145,45.7,6013,31088,15627,283,218,44,338,184,6925,588,22,413,237,218,138,57,204,371,55,167,238,81,157,190,603,642,19,22,0,310,212,27,430,190,237,3,1,4,822,356,354,50.1,90,100,242,82,145,95,20,103,0.36,15,41,-26,-1.18,19.8,28.9,-9.1,-0.41,22,338,15.36,254,31,11,17,18,7,26,1.18,22,0,0,2,2,0,41,1.86,95,58,57.9,1,5,16,2,9.1,1,1,0,0,0,22,41,1,1,3,4,30.4,0.31,-6.6,-0.3,170,461,36.9,631,89,53.1,41.4,165,76.4,55.5,351,22,6.3,27,1.23,14.2
