id_season,team_id,season_name,country,championship_name,team_code,team_logo,attacking_overall__played,attacking_overall__goals,attacking_overall__xg,attacking_overall__goals_vs_xg,attacking_overall__shots,attacking_overall__sot,attacking_overall__conv_pct,attacking_overall__xg_per_shot,attacking_set_pieces__goals,attacking_set_pieces__shots,attacking_set_pieces__xg,attacking_set_pieces__goal_pct,attacking_set_pieces__shot_pct,attacking_set_pieces__xg_pct,attacking_misc__touches_in_box,attacking_misc__hit_post,attacking_misc__offsides,attacking_misc__penalties__total,attacking_misc__penalties__goals,attacking_misc__free_kicks__total,attacking_misc__free_kicks__goals,attacking_misc__headers__total,attacking_misc__headers__goals,attacking_misc__fast_breaks__total,attacking_misc__fast_breaks__goals,passing__avg_poss,passing__all_passes__pct,passing__final_third_passes__successful,passing__final_third_passes__pct,passing__pass_direction__fwd,passing__pass_direction__bwd,passing__pass_direction__left,passing__pass_direction__right,passing__crosses__total,passing__crosses__successful,passing__crosses__pct,passing__through_balls,pressing__pressed_seqs,pressing__ppda,pressing__start_distance_m,pressing__total,pressing__high_turnovers__shot_ending,pressing__high_turnovers__goal_ending,pressing__high_turnovers__pct_end_in_shot,sequences__ten_plus_passes,sequences__direct_speed,sequences__passes_per_seq,sequences__sequence_time,sequences__build_ups__total,sequences__build_ups__goals,sequences__direct_attacks__total,sequences__direct_attacks__goals,misc.__subs_used,misc.__subs_goals,misc.__errors_lead_to_shot,misc.__errors_lead_to_goal,misc.__fouled,misc.__yellows,misc.__reds,misc.__pens_won,misc.__fouls,misc.__opp_yellows,misc.__opp_reds,misc.__pens_conceded,defending_overall__goals,defending_overall__xg,defending_overall__goals_vs_xg,defending_overall__shots,defending_overall__sot,defending_overall__conv_pct,defending_overall__xg_per_shot,defending_overall__shots_in_box_pct,defending_overall__goals_in_box_pct,defending_set_pieces__goals,defending_set_pieces__shots,defending_set_pieces__xg,defending_set_pieces__goal_pct,defending_set_pieces__shot_pct,defending_set_pieces__xg_pct,defending_defensive_actions__avg_poss,defending_defensive_actions__tackles,defending_defensive_actions__interceptions,defending_defensive_actions__recoveries,defending_defensive_actions__blocks,defending_defensive_actions__clearances,defending_defensive_actions__ground_duels_won,defending_defensive_actions__aerial_duels_won,defending_misc__touches_in_box,defending_misc__hit_post,defending_misc__offsides,defending_misc__penalties__total,defending_misc__penalties__goals,defending_misc__free_kicks__total,defending_misc__free_kicks__goals,defending_misc__headers__total,defending_misc__headers__goals,defending_misc__fast_breaks__total,defending_misc__fast_breaks__goals,attacking_set_pieces__goals_vs_xg,attacking_set_pieces__sot,attacking_set_pieces__conv_pct,attacking_set_pieces__xg_per_shot
1,149,2025/26,France,Ligue 1,Paris SG,https://omo.akamai.opta.net/image.php?secure=true&h=omo.akamai.opta.net&sport=football&entity=team&description=badges&dimensions=150&id=2b3mar72yy8d6uvat1ka6tn3r,32,2.22,2.2,0.02,18.22,6.94,12.18,0.12,0.41,3.97,0.47,18.31,21.78,21.45,36.78,0.69,1.22,0.25,0.16,0.63,0.03,2.34,0.31,1.13,0.16,69.2,91.4,180.06,84.1,24.6,15.4,30.2,29.8,11.53,2.53,21.9,2.88,13.22,8.9,46.6,10.19,2.63,0.44,25.77,26.28,1.42,6.03,16.99,6.56,0.31,2.06,0.19,4.22,0.47,0.66,0.22,8.91,1.03,0.06,0.25,8.81,1.28,0.13,0.13,0.84,0.84,0.0,8.03,2.81,10.51,0.1,59.14,74.07,0.13,2.38,0.16,14.81,29.57,19.61,69.2,15,7,49,2,13,50.3,52.1,14.56,0.22,2.22,0.13,0.03,0.13,0.0,0.94,0.09,0.53,0.06,,,,
1,142,2025/26,France,Ligue 1,Lens,https://omo.akamai.opta.net/image.php?secure=true&h=omo.akamai.opta.net&sport=football&entity=team&description=badges&dimensions=150&id=3xedluek08t2ka7oypwuullcn,32,1.94,1.97,-0.04,16.25,5.47,11.92,0.12,0.41,4.34,0.38,20.97,26.73,19.21,30.5,0.41,2.0,0.16,0.13,0.31,0.0,3.59,0.34,1.34,0.22,51.7,85.2,98.97,75.2,31.2,15.1,26.7,27.1,15.97,4.09,25.6,1.28,12.38,10.5,43.7,9.44,2.0,0.22,21.19,10.97,1.93,3.7,9.76,2.53,0.06,1.81,0.16,4.31,0.31,0.47,0.19,11.66,1.84,0.16,0.16,12.06,2.16,0.19,0.19,1.03,1.27,-0.24,11.0,3.47,9.38,0.12,65.06,75.76,0.22,3.16,0.26,21.21,28.69,20.72,51.7,19,11,54,4,21,50.1,50.0,19.88,0.22,0.94,0.19,0.09,0.38,0.0,1.94,0.16,0.84,0.13,,,,
1,144,2025/26,France,Ligue 1,Marseille,https://omo.akamai.opta.net/image.php?secure=true&h=omo.akamai.opta.net&sport=football&entity=team&description=badges&dimensions=150&id=27xvwccz8kpmqsefjv2b2sc0o,33,1.82,1.79,0.03,14.73,5.55,12.35,0.12,0.18,3.91,0.29,10.0,26.54,16.14,24.97,0.3,1.18,0.24,0.18,0.52,0.03,2.42,0.15,1.06,0.15,57.3,88.1,114.06,77.6,29.5,15.9,27.1,27.4,12.39,2.0,16.1,2.09,11.09,11.2,43.8,7.52,1.82,0.27,24.19,16.82,1.79,4.68,12.54,3.58,0.36,2.0,0.15,4.55,0.36,0.64,0.21,10.36,2.3,0.12,0.24,12.48,1.64,0.12,0.18,1.33,1.35,-0.02,10.15,3.94,13.13,0.13,71.64,93.18,0.15,2.48,0.18,11.36,24.48,13.58,57.3,15,8,48,3,18,48.2,51.7,18.82,0.36,2.3,0.18,0.15,0.36,0.0,1.36,0.18,0.94,0.15,,,,
1,146,2025/26,France,Ligue 1,Monaco,https://omo.akamai.opta.net/image.php?secure=true&h=omo.akamai.opta.net&sport=football&entity=team&description=badges&dimensions=150&id=4t4hod56fsj7utpjdor8so5q6,33,1.7,1.72,-0.02,12.27,4.33,13.83,0.14,0.12,2.91,0.26,7.14,23.7,14.91,26.15,0.27,2.18,0.21,0.18,0.24,0.0,2.39,0.21,1.0,0.21,53.5,83.8,94.67,72.2,32.5,15.7,26.5,25.3,11.85,2.45,20.7,2.0,12.61,9.4,43.6,8.82,1.42,0.21,16.15,11.45,1.85,3.7,9.8,2.18,0.03,1.55,0.06,4.55,0.52,0.82,0.18,10.3,2.09,0.18,0.21,12.3,1.61,0.15,0.15,1.48,1.47,0.01,13.39,4.42,11.09,0.11,63.8,87.76,0.21,3.42,0.28,14.29,25.57,19.02,53.5,18,10,52,4,21,48.3,50.4,24.61,0.21,1.09,0.15,0.12,0.21,0.0,1.94,0.18,1.12,0.21,,,,
1,429,2025/26,France,Ligue 1,Lille,https://omo.akamai.opta.net/image.php?secure=true&h=omo.akamai.opta.net&sport=football&entity=team&description=badges&dimensions=150&id=be2k34rut1lz79jxenabttqlc,33,1.58,1.62,-0.05,13.64,4.67,11.56,0.12,0.18,3.79,0.27,11.54,27.78,16.69,30.0,0.55,1.33,0.24,0.21,0.18,0.03,2.09,0.15,0.88,0.09,55.3,85.2,107.36,73.9,30.2,15.3,26.7,27.8,12.45,2.33,18.7,2.09,13.24,11.0,44.9,8.73,1.24,0.21,14.24,11.88,1.79,3.97,11.0,2.67,0.15,1.58,0.09,4.64,0.39,0.64,0.12,12.52,2.24,0.15,0.24,10.12,1.85,0.15,0.12,1.06,1.1,-0.04,9.12,3.3,11.63,0.12,61.79,85.71,0.18,2.06,0.22,17.14,22.59,19.89,55.3,15,9,49,3,19,51.5,51.9,17.0,0.15,1.48,0.12,0.06,0.3,0.03,1.06,0.15,0.97,0.0,,,,
1,153,2025/26,France,Ligue 1,Strasbourg,https://omo.akamai.opta.net/image.php?secure=true&h=omo.akamai.opta.net&sport=football&entity=team&description=badges&dimensions=150&id=71ajatxnuhc5cnm3xvgdky49w,32,1.59,1.58,0.01,11.41,4.56,13.97,0.14,0.25,2.53,0.19,15.69,22.19,12.01,22.13,0.28,1.72,0.22,0.19,0.47,0.0,1.97,0.22,0.63,0.13,54.2,88.3,72.34,71.2,27.8,14.8,28.6,28.8,11.69,2.72,23.3,2.91,9.84,11.5,43.1,7.59,1.31,0.19,17.28,15.13,1.67,4.4,12.05,2.47,0.25,1.59,0.16,4.38,0.31,1.16,0.22,12.47,1.75,0.16,0.22,10.84,1.88,0.09,0.16,1.31,1.31,0.01,12.03,4.41,10.91,0.11,67.27,90.48,0.19,3.09,0.28,14.29,25.71,21.03,54.2,16,8,48,3,20,50.9,50.1,21.56,0.09,1.38,0.16,0.13,0.28,0.0,1.94,0.16,1.22,0.09,,,,
1,150,2025/26,France,Ligue 1,Rennes,https://omo.akamai.opta.net/image.php?secure=true&h=omo.akamai.opta.net&sport=football&entity=team&description=badges&dimensions=150&id=z1wbqtd0fz5t5eezjvrbld3h,33,1.76,1.57,0.19,13.76,4.94,12.78,0.11,0.27,3.39,0.32,15.52,24.67,20.64,23.67,0.27,2.42,0.18,0.15,0.27,0.0,1.94,0.3,0.76,0.12,53.5,84.7,94.03,74.0,33.4,16.5,25.6,24.4,13.7,2.64,19.3,1.24,11.91,11.5,42.9,7.55,1.42,0.18,18.88,11.58,1.79,3.79,10.13,2.79,0.21,1.39,0.09,4.33,0.27,0.91,0.27,11.45,1.67,0.12,0.18,11.88,2.0,0.15,0.18,1.42,1.52,-0.09,13.09,4.09,10.88,0.12,66.44,87.23,0.12,3.45,0.29,8.51,26.39,19.26,53.5,16,9,49,4,22,49.3,53.1,23.39,0.3,1.94,0.18,0.12,0.15,0.0,2.09,0.21,1.09,0.15,,,,
1,143,2025/26,France,Ligue 1,Lyon,https://omo.akamai.opta.net/image.php?secure=true&h=omo.akamai.opta.net&sport=football&entity=team&description=badges&dimensions=150&id=121le8unjfzug3iu9pgkqa1c7,33,1.61,1.54,0.06,12.15,4.7,13.22,0.13,0.24,2.88,0.29,15.09,23.69,18.89,25.55,0.27,1.27,0.15,0.09,0.27,0.0,2.06,0.27,0.88,0.18,54.6,85.5,84.67,72.7,30.5,15.3,27.3,26.9,13.39,2.79,20.8,1.88,9.3,11.4,42.6,6.52,1.03,0.15,15.81,11.52,1.73,3.96,10.71,2.33,0.03,1.36,0.24,3.82,0.21,0.91,0.06,12.58,1.73,0.21,0.15,12.48,2.3,0.24,0.15,1.09,1.33,-0.24,11.91,3.91,9.16,0.11,65.9,75.0,0.27,3.12,0.35,25.0,26.21,26.53,54.6,15,7,44,4,23,50.8,48.2,21.61,0.24,1.73,0.15,0.06,0.24,0.0,2.06,0.12,0.91,0.09,,,,
1,694,2025/26,France,Ligue 1,Lorient,https://omo.akamai.opta.net/image.php?secure=true&h=omo.akamai.opta.net&sport=football&entity=team&description=badges&dimensions=150&id=70nn27vgkt6l48lvv5e66q7ww,33,1.45,1.34,0.11,11.3,4.0,12.87,0.12,0.42,3.39,0.29,29.17,30.03,21.74,19.0,0.33,1.64,0.18,0.09,0.42,0.06,1.42,0.09,1.0,0.06,44.9,84.6,72.06,72.3,32.4,17.1,24.8,25.8,11.61,2.27,19.6,1.15,7.36,18.1,39.8,5.79,1.18,0.12,20.42,10.06,1.75,3.73,10.56,1.7,0.06,1.21,0.03,4.55,0.36,0.67,0.21,12.55,1.64,0.03,0.18,8.76,2.09,0.12,0.18,1.48,1.37,0.11,11.24,3.94,13.21,0.12,66.85,83.67,0.33,2.94,0.27,22.45,26.15,19.4,44.9,14,9,45,3,26,52.8,47.7,22.88,0.36,0.88,0.18,0.12,0.21,0.0,2.52,0.21,0.94,0.12,,,,
1,427,2025/26,France,Ligue 1,Toulouse,https://omo.akamai.opta.net/image.php?secure=true&h=omo.akamai.opta.net&sport=football&entity=team&description=badges&dimensions=150&id=4aghw9tyi8ba3ju1ne83gmf9w,33,1.42,1.32,0.1,12.85,4.3,11.08,0.1,0.3,4.09,0.36,21.28,31.84,26.95,25.15,0.3,1.09,0.21,0.12,0.18,0.0,2.91,0.21,0.91,0.06,42.2,81.7,68.94,67.0,34.5,13.8,25.9,25.9,9.82,2.15,21.9,0.97,11.33,13.2,44.2,7.82,1.27,0.12,16.28,7.52,2.02,3.16,8.59,1.67,0.0,1.45,0.15,4.27,0.36,0.76,0.12,10.58,2.33,0.15,0.21,13.52,1.88,0.09,0.15,1.39,1.31,0.08,12.18,4.0,11.44,0.11,60.7,84.78,0.3,3.09,0.23,21.74,25.37,17.77,42.2,16,9,47,4,24,46.9,52.0,21.58,0.18,1.24,0.15,0.15,0.36,0.03,2.15,0.27,1.36,0.12,,,,
1,2338,2025/26,France,Ligue 1,Paris FC,https://omo.akamai.opta.net/image.php?secure=true&h=omo.akamai.opta.net&sport=football&entity=team&description=badges&dimensions=150&id=8v00fx2zwhiwm05tqqkt122p5,33,1.36,1.3,0.07,11.52,3.82,11.84,0.11,0.3,2.79,0.22,22.22,24.21,17.35,20.91,0.39,2.0,0.18,0.15,0.09,0.0,1.52,0.06,1.39,0.18,50.8,84.9,76.15,71.9,31.7,16.0,26.1,26.3,11.61,2.67,23.0,1.42,9.42,14.8,40.0,5.67,1.0,0.03,17.65,12.12,1.69,4.04,11.05,2.0,0.06,1.52,0.12,4.76,0.3,1.0,0.39,9.94,1.94,0.15,0.18,10.12,1.55,0.09,0.36,1.48,1.67,-0.18,12.55,4.03,11.84,0.13,68.12,91.84,0.36,4.12,0.4,24.49,32.85,24.14,50.8,15,8,47,4,27,49.7,46.4,24.45,0.27,1.64,0.36,0.24,0.48,0.0,2.45,0.24,0.85,0.09,,,,
1,1395,2025/26,France,Ligue 1,Nice,https://omo.akamai.opta.net/image.php?secure=true&h=omo.akamai.opta.net&sport=football&entity=team&description=badges&dimensions=150&id=bx0cdmzr2gwr70ez72dorx82p,33,1.12,1.27,-0.15,10.91,3.94,10.28,0.12,0.15,3.0,0.31,13.51,27.5,24.71,19.3,0.15,1.79,0.09,0.09,0.24,0.0,2.15,0.09,0.79,0.18,46.2,82.5,65.09,66.7,33.7,15.1,25.6,25.6,13.33,2.94,22.1,1.82,9.27,13.9,41.0,5.85,0.97,0.09,16.58,8.36,1.82,3.47,9.34,1.36,0.06,1.67,0.06,4.76,0.21,0.94,0.15,10.88,1.94,0.09,0.09,11.61,1.94,0.09,0.3,1.82,1.78,0.04,14.94,5.21,12.17,0.12,63.89,86.67,0.3,3.94,0.31,16.67,26.37,17.7,46.2,16,10,51,4,25,49.0,47.9,27.52,0.3,0.88,0.3,0.24,0.12,0.03,2.91,0.27,1.39,0.24,,,,
1,862,2025/26,France,Ligue 1,Brest,https://omo.akamai.opta.net/image.php?secure=true&h=omo.akamai.opta.net&sport=football&entity=team&description=badges&dimensions=150&id=3adj8hkws0z1al232bg2h6tk0,32,1.28,1.27,0.02,10.72,3.41,11.95,0.12,0.28,3.34,0.25,21.95,31.2,19.81,17.5,0.25,1.34,0.25,0.19,0.25,0.0,2.25,0.22,0.5,0.06,42.8,78.5,58.34,59.9,35.0,16.5,23.7,24.9,10.84,2.56,23.6,1.44,10.72,12.0,42.3,8.03,1.34,0.22,16.73,6.16,1.8,3.06,8.4,1.03,0.09,0.91,0.03,3.63,0.06,0.75,0.28,10.84,1.81,0.13,0.25,12.13,1.72,0.09,0.16,1.63,1.51,0.11,14.22,4.72,11.43,0.11,65.93,82.69,0.31,4.0,0.29,19.23,28.13,19.26,42.8,18,11,48,4,27,49.5,52.2,25.56,0.22,1.88,0.16,0.13,0.34,0.03,2.78,0.16,0.66,0.13,,,,
1,141,2025/26,France,Ligue 1,Le Havre,https://omo.akamai.opta.net/image.php?secure=true&h=omo.akamai.opta.net&sport=football&entity=team&description=badges&dimensions=150&id=23pqcgxu1tip265hbe01kszbt,33,0.91,1.13,-0.22,11.06,3.64,8.22,0.1,0.18,3.18,0.22,20.0,28.77,19.9,17.64,0.39,2.03,0.18,0.06,0.33,0.0,2.33,0.18,0.76,0.09,47.0,81.1,59.52,64.3,34.4,14.9,25.3,25.4,16.06,3.45,21.5,0.45,10.79,11.5,41.2,6.24,1.18,0.06,18.93,6.15,2.04,3.17,8.73,1.09,0.0,1.33,0.06,4.55,0.09,0.58,0.06,13.39,2.0,0.12,0.18,13.09,1.97,0.12,0.21,1.33,1.52,-0.18,13.03,4.24,10.23,0.12,68.84,90.91,0.21,3.58,0.3,15.91,27.44,19.9,47.0,17,9,49,4,25,50.7,53.1,26.06,0.33,2.0,0.21,0.18,0.27,0.0,2.55,0.24,0.61,0.03,,,,
1,430,2025/26,France,Ligue 1,Nantes,https://omo.akamai.opta.net/image.php?secure=true&h=omo.akamai.opta.net&sport=football&entity=team&description=badges&dimensions=150&id=750ustvk4jfqmo8q4gnrcxy7z,33,0.88,1.1,-0.22,11.3,3.3,7.77,0.1,0.18,4.21,0.3,20.69,37.27,26.97,20.73,0.45,1.27,0.12,0.06,0.39,0.0,2.09,0.12,0.97,0.12,42.1,79.0,51.27,60.7,37.2,14.0,24.5,24.3,11.18,2.45,21.9,0.94,9.67,14.7,40.4,5.58,0.88,0.09,15.76,5.58,2.02,2.87,7.67,0.79,0.03,1.76,0.03,4.52,0.09,0.82,0.21,13.33,2.0,0.06,0.12,12.06,2.27,0.12,0.15,1.58,1.46,0.12,13.48,4.85,11.69,0.11,69.44,84.62,0.33,3.55,0.28,21.15,26.29,19.15,42.1,17,9,46,4,26,50.5,50.8,25.64,0.18,2.91,0.15,0.15,0.24,0.03,2.45,0.12,1.03,0.27,,,,
1,138,2025/26,France,Ligue 1,Auxerre,https://omo.akamai.opta.net/image.php?secure=true&h=omo.akamai.opta.net&sport=football&entity=team&description=badges&dimensions=150&id=9bxav814mkuhueiyivyive82d,33,0.97,1.08,-0.11,10.82,3.48,8.96,0.1,0.27,2.97,0.28,28.13,27.45,25.74,17.91,0.3,1.3,0.15,0.09,0.15,0.0,1.67,0.15,1.42,0.06,44.4,80.6,75.73,68.8,36.0,16.9,23.7,23.5,10.7,1.94,18.1,0.88,11.09,13.2,41.5,6.21,1.12,0.03,18.05,7.06,1.77,3.11,8.46,1.24,0.09,1.82,0.06,4.0,0.0,0.73,0.15,12.97,1.82,0.21,0.15,12.55,2.45,0.15,0.15,1.33,1.42,-0.08,11.97,4.7,11.14,0.12,65.06,81.82,0.21,3.64,0.27,15.91,30.38,18.98,44.4,18,10,49,3,22,51.9,47.7,20.79,0.18,1.55,0.15,0.09,0.21,0.03,2.06,0.21,0.67,0.12,,,,
1,145,2025/26,France,Ligue 1,Metz,https://omo.akamai.opta.net/image.php?secure=true&h=omo.akamai.opta.net&sport=football&entity=team&description=badges&dimensions=150&id=2khen2a38l2hkx33s73pehl6o,33,0.97,1.03,-0.06,9.88,3.15,9.82,0.1,0.18,2.79,0.21,18.75,28.22,20.58,16.18,0.21,1.3,0.18,0.15,0.21,0.03,1.55,0.15,0.82,0.09,48.9,85.8,67.03,72.5,30.2,16.9,26.4,26.5,13.67,2.94,21.5,0.91,8.3,15.8,38.8,4.88,0.79,0.09,16.15,12.06,1.61,4.01,11.56,1.33,0.09,1.24,0.09,4.45,0.18,0.97,0.21,10.55,1.58,0.12,0.18,10.7,1.45,0.06,0.24,2.3,1.85,0.45,15.12,5.79,15.23,0.12,64.13,78.95,0.36,4.06,0.33,15.79,26.85,17.84,48.9,17,8,46,4,22,50.3,47.0,28.48,0.27,1.58,0.24,0.21,0.48,0.0,2.39,0.24,1.18,0.15,,,,
1,2128,2025/26,France,Ligue 1,Angers,https://omo.akamai.opta.net/image.php?secure=true&h=omo.akamai.opta.net&sport=football&entity=team&description=badges&dimensions=150&id=75qj99fhg5c0ztj2tva5u4uii,33,0.85,0.96,-0.11,9.33,3.3,9.09,0.1,0.09,2.39,0.16,10.71,25.65,17.01,16.33,0.12,1.73,0.15,0.09,0.18,0.0,1.45,0.06,1.0,0.12,41.9,82.6,55.21,69.2,33.5,14.2,26.0,26.3,11.48,2.39,20.8,0.85,7.45,17.6,38.5,5.15,0.91,0.06,17.65,7.91,1.97,3.4,8.98,1.24,0.03,1.7,0.09,4.67,0.33,0.82,0.12,10.55,1.48,0.06,0.15,10.3,1.18,0.12,0.18,1.42,1.65,-0.22,14.3,5.52,9.96,0.12,63.56,87.23,0.21,3.76,0.35,14.89,26.27,21.53,41.9,18,9,50,3,23,49.6,47.5,25.24,0.3,1.21,0.18,0.09,0.55,0.0,2.48,0.06,0.91,0.12,,,,
2,156,2025/26,Germany,Bundesliga,Bayern München,https://omo.akamai.opta.net/image.php?secure=true&h=omo.akamai.opta.net&sport=football&entity=team&description=badges&dimensions=150&id=apoawtpvac4zqlancmvw4nk4o,33,3.55,2.96,0.58,19.18,8.55,18.48,0.15,3.55,19.18,2.96,,,,40.82,0.7,2.36,0.36,0.33,0.42,0.03,1.79,0.39,1.48,0.36,67.3,90.2,189.79,82.7,26.9,16.8,28.1,28.3,10.3,2.24,21.8,4.03,13.91,10.3,44.5,9.7,2.09,0.36,21.56,24.76,1.65,5.4,14.02,6.27,0.39,2.55,0.33,4.67,0.58,0.94,0.3,8.7,1.67,0.06,0.36,8.33,1.52,0.12,0.09,1.06,1.26,-0.2,10.64,3.15,9.97,0.12,67.24,88.57,0.39,2.52,0.26,37.14,23.65,20.93,67.3,13,8,52,4,17,47.8,51.3,18.76,0.27,1.88,0.09,0.06,0.21,0.03,1.36,0.18,1.27,0.12,0.58,8.55,18.48,0.15
2,6339,2025/26,Germany,Bundesliga,Leipzig,https://omo.akamai.opta.net/image.php?secure=true&h=omo.akamai.opta.net&sport=football&entity=team&description=badges&dimensions=150&id=9gefq4dz9b2hl8rqrxwrlrzmp,33,1.97,2.01,-0.04,15.85,6.0,12.43,0.13,1.97,15.85,2.01,,,,33.67,0.7,1.42,0.09,0.03,0.33,0.03,2.58,0.27,1.18,0.15,53.7,84.6,92.42,71.4,29.4,14.5,28.1,28.0,10.97,2.48,22.6,2.3,11.33,13.9,42.7,7.3,1.3,0.18,17.84,12.52,1.87,3.74,10.09,2.76,0.18,1.88,0.12,4.7,0.12,0.79,0.18,9.76,1.55,0.0,0.09,8.88,1.79,0.0,0.09,1.3,1.5,-0.2,12.18,3.94,10.7,0.12,69.15,95.35,0.15,3.3,0.34,11.63,27.11,22.59,53.7,15,9,51,4,27,51.0,48.6,22.45,0.18,2.21,0.09,0.06,0.3,0.0,2.0,0.18,1.15,0.27,-0.04,6.0,12.43,0.13
2,164,2025/26,Germany,Bundesliga,Leverkusen,https://omo.akamai.opta.net/image.php?secure=true&h=omo.akamai.opta.net&sport=football&entity=team&description=badges&dimensions=150&id=7ad69ngbpjuyzv96drf8d9sn2,33,2.03,1.89,0.14,14.85,5.06,13.67,0.13,2.03,14.85,1.89,,,,26.97,0.45,1.21,0.21,0.21,0.58,0.09,2.3,0.36,1.61,0.39,59.1,88.1,124.94,79.2,27.5,17.7,27.6,27.3,12.3,2.61,21.2,1.91,9.94,13.2,41.5,6.91,1.15,0.33,16.67,19.82,1.59,4.92,12.86,4.27,0.24,1.76,0.18,4.55,0.21,0.94,0.21,10.52,1.97,0.06,0.21,8.21,2.36,0.15,0.21,1.39,1.35,0.05,12.61,4.97,11.06,0.11,65.38,82.61,0.39,3.48,0.28,28.26,27.64,20.84,59.1,14,7,49,3,22,51.3,53.3,23.3,0.3,1.06,0.21,0.21,0.33,0.03,2.27,0.27,1.3,0.21,0.14,5.06,13.67,0.13
2,157,2025/26,Germany,Bundesliga,Dortmund,https://omo.akamai.opta.net/image.php?secure=true&h=omo.akamai.opta.net&sport=football&entity=team&description=badges&dimensions=150&id=dt4pinj0vw0t0cvz7za6mhmzy,33,2.06,1.85,0.21,12.94,4.67,15.93,0.14,2.06,12.94,1.85,,,,27.21,0.27,1.21,0.27,0.18,0.27,0.0,3.0,0.42,1.03,0.24,53.4,84.3,110.82,73.4,30.9,15.0,26.1,27.9,13.76,3.03,22.0,1.52,12.55,12.2,43.9,8.15,1.36,0.12,16.73,12.94,1.88,3.84,9.86,2.55,0.09,1.33,0.15,4.67,0.48,0.76,0.12,9.67,1.91,0.06,0.27,11.39,1.52,0.09,0.15,1.03,1.19,-0.16,10.7,3.55,9.63,0.11,68.56,91.18,0.21,3.33,0.36,20.59,31.16,30.71,53.4,15,8,50,3,24,48.6,52.2,19.64,0.21,2.36,0.15,0.15,0.18,0.0,2.15,0.15,0.82,0.0,0.21,4.67,15.93,0.14
2,169,2025/26,Germany,Bundesliga,Stuttgart,https://omo.akamai.opta.net/image.php?secure=true&h=omo.akamai.opta.net&sport=football&entity=team&description=badges&dimensions=150&id=3dwlvz6cl4lcavvrg0y2dycrt,33,2.09,1.79,0.31,15.27,6.06,13.69,0.12,2.09,15.27,1.79,,,,28.42,0.15,2.06,0.21,0.15,0.33,0.0,2.45,0.15,0.97,0.15,58.2,84.2,110.0,73.5,31.1,15.8,27.2,25.9,15.24,4.12,27.0,1.91,12.52,11.8,43.2,7.18,1.45,0.18,20.25,12.58,1.77,3.92,10.33,2.61,0.09,1.82,0.24,4.82,0.52,0.82,0.21,11.73,1.82,0.06,0.21,9.12,1.48,0.09,0.24,1.42,1.47,-0.05,12.58,4.7,11.33,0.12,71.33,93.62,0.15,3.52,0.24,10.64,27.95,16.62,58.2,14,8,48,4,25,54.7,54.0,24.33,0.27,1.67,0.24,0.21,0.24,0.0,2.21,0.09,1.45,0.33,0.31,6.06,13.69,0.12
2,1902,2025/26,Germany,Bundesliga,Hoffenheim,https://omo.akamai.opta.net/image.php?secure=true&h=omo.akamai.opta.net&sport=football&entity=team&description=badges&dimensions=150&id=4l9mrqzmajz5crzlz50mtbt6x,33,1.97,1.66,0.31,14.21,5.24,13.86,0.12,1.97,14.21,1.66,,,,28.09,0.52,1.76,0.18,0.18,0.45,0.06,2.91,0.39,1.36,0.18,55.2,80.6,92.88,66.5,35.7,15.7,24.5,24.1,14.82,4.0,27.0,1.55,14.48,9.6,43.9,8.36,1.36,0.15,16.3,10.0,1.91,3.4,8.32,2.27,0.18,1.55,0.09,4.45,0.21,0.52,0.15,8.48,2.03,0.06,0.18,13.33,1.55,0.12,0.21,1.45,1.51,-0.05,12.33,4.39,11.79,0.12,68.3,89.58,0.45,4.12,0.41,31.25,33.42,27.04,55.2,15,8,52,4,31,46.1,53.2,22.91,0.15,1.85,0.21,0.15,0.3,0.0,2.33,0.18,1.33,0.18,0.31,5.24,13.86,0.12
2,387,2025/26,Germany,Bundesliga,Köln,https://omo.akamai.opta.net/image.php?secure=true&h=omo.akamai.opta.net&sport=football&entity=team&description=badges&dimensions=150&id=8q1ul09cygzswb7tb456bmifv,33,1.45,1.57,-0.12,13.58,4.76,10.71,0.12,1.45,13.58,1.57,,,,24.76,0.3,1.79,0.09,0.09,0.3,0.03,2.33,0.24,1.61,0.27,47.5,81.0,73.3,66.1,34.5,15.1,25.6,24.7,13.45,3.52,26.1,1.39,10.27,15.6,41.3,5.64,1.0,0.09,17.74,9.45,1.81,3.31,9.07,1.97,0.06,2.0,0.12,4.97,0.39,0.48,0.12,9.88,1.85,0.09,0.09,8.12,2.09,0.15,0.21,1.76,1.6,0.16,13.45,4.61,13.06,0.12,69.82,89.66,0.61,4.48,0.41,34.48,33.33,25.41,47.5,14,8,43,4,30,50.6,51.7,25.33,0.12,2.03,0.21,0.15,0.21,0.06,2.73,0.36,0.91,0.15,-0.12,4.76,10.71,0.12
2,810,2025/26,Germany,Bundesliga,Mainz 05,https://omo.akamai.opta.net/image.php?secure=true&h=omo.akamai.opta.net&sport=football&entity=team&description=badges&dimensions=150&id=1c7qokc1j5z50cjj4tcu32haa,33,1.27,1.55,-0.28,12.0,4.03,10.61,0.13,1.27,12.0,1.55,,,,26.24,0.55,2.36,0.27,0.24,0.18,0.0,3.03,0.21,0.76,0.12,43.9,75.5,76.3,62.4,40.6,14.6,21.6,23.3,14.91,3.48,23.4,0.97,12.03,14.3,41.8,7.64,1.0,0.15,13.1,5.58,1.96,2.77,7.18,0.88,0.06,1.45,0.06,4.42,0.12,0.58,0.18,9.64,2.03,0.15,0.27,10.52,1.97,0.03,0.06,1.61,1.66,-0.05,14.09,5.06,11.4,0.12,70.54,86.79,0.33,4.24,0.41,20.75,30.11,24.53,43.9,15,10,47,4,30,49.5,48.5,26.24,0.3,1.36,0.06,0.06,0.33,0.03,2.48,0.36,1.27,0.21,-0.28,4.03,10.61,0.13
2,160,2025/26,Germany,Bundesliga,Freiburg,https://omo.akamai.opta.net/image.php?secure=true&h=omo.akamai.opta.net&sport=football&entity=team&description=badges&dimensions=150&id=6k5zscdm9ufw0tguvzyjlp5hq,33,1.42,1.45,-0.02,12.3,4.18,11.58,0.12,1.42,12.3,1.45,,,,22.21,0.27,2.0,0.18,0.15,0.33,0.03,2.7,0.18,0.61,0.06,48.3,81.3,69.45,66.0,33.7,15.7,26.2,24.4,11.73,3.06,26.1,0.76,9.7,13.6,40.7,5.52,0.91,0.12,16.48,9.15,1.8,3.26,9.2,2.03,0.06,0.94,0.06,4.58,0.3,0.94,0.3,11.76,1.48,0.09,0.18,8.55,2.09,0.09,0.03,1.7,1.45,0.25,13.85,4.58,12.25,0.1,63.9,82.14,0.58,3.88,0.37,33.93,28.01,25.39,48.3,14,9,44,5,28,52.6,49.2,24.15,0.18,1.52,0.03,0.0,0.39,0.06,2.36,0.36,1.09,0.24,-0.02,4.18,11.58,0.12
2,1772,2025/26,Germany,Bundesliga,Augsburg,https://omo.akamai.opta.net/image.php?secure=true&h=omo.akamai.opta.net&sport=football&entity=team&description=badges&dimensions=150&id=ex3psl8e3ajeypwjy4xfltpx6,33,1.36,1.4,-0.04,13.24,4.73,10.3,0.11,1.36,13.24,1.4,,,,22.64,0.42,2.09,0.18,0.12,0.33,0.0,2.12,0.21,1.39,0.12,43.8,78.7,72.94,65.9,37.3,15.2,23.8,23.7,13.52,3.09,22.9,0.79,11.42,15.5,41.5,7.12,1.12,0.03,15.74,5.82,1.94,3.0,7.76,1.27,0.0,1.79,0.15,4.7,0.24,0.67,0.27,11.06,2.39,0.03,0.18,10.55,1.73,0.09,0.21,1.73,1.82,-0.1,14.73,4.88,11.73,0.12,69.75,87.72,0.33,4.48,0.4,19.3,30.45,21.76,43.8,16,9,48,4,29,50.4,45.7,28.73,0.33,1.7,0.21,0.18,0.45,0.03,2.79,0.27,1.24,0.24,-0.04,4.73,10.3,0.11
2,2891,2025/26,Germany,Bundesliga,Heidenheim,https://omo.akamai.opta.net/image.php?secure=true&h=omo.akamai.opta.net&sport=football&entity=team&description=badges&dimensions=150&id=3xcg7xikgrn2x8oa65sopb2is,33,1.24,1.37,-0.13,11.3,3.58,10.99,0.12,1.24,11.3,1.37,,,,19.18,0.18,1.85,0.06,0.06,0.27,0.03,2.12,0.18,0.88,0.21,41.9,76.8,56.55,57.5,36.8,14.6,24.2,24.4,11.91,2.67,22.4,0.76,9.55,16.5,38.8,5.73,0.82,0.12,14.29,5.94,1.98,2.85,7.59,0.88,0.06,1.03,0.12,4.91,0.36,0.82,0.27,9.97,1.42,0.03,0.06,9.3,1.97,0.06,0.18,2.12,1.83,0.29,15.3,5.58,13.86,0.12,66.34,85.71,0.36,3.82,0.37,17.14,24.95,20.15,41.9,15,9,48,4,33,49.6,49.3,29.21,0.27,1.06,0.18,0.15,0.24,0.03,2.36,0.33,1.09,0.27,-0.13,3.58,10.99,0.12
2,172,2025/26,Germany,Bundesliga,Wolfsburg,https://omo.akamai.opta.net/image.php?secure=true&h=omo.akamai.opta.net&sport=football&entity=team&description=badges&dimensions=150&id=a8l3w3n0j99qjlsxj3jnmgkz1,33,1.27,1.35,-0.07,11.7,4.03,10.88,0.12,1.27,11.7,1.35,,,,18.97,0.36,1.18,0.12,0.12,0.33,0.03,2.24,0.3,1.03,0.12,44.9,78.8,67.39,63.7,35.8,14.6,24.3,25.3,9.7,2.39,24.7,1.42,10.24,14.0,41.4,6.24,1.06,0.21,16.99,8.42,1.88,3.3,8.28,1.52,0.09,1.3,0.09,4.55,0.15,0.42,0.12,8.67,1.85,0.09,0.12,10.79,1.55,0.03,0.42,2.06,1.83,0.24,15.55,5.7,13.26,0.12,67.84,83.82,0.42,4.85,0.42,20.59,31.19,22.93,44.9,16,9,44,5,35,48.2,47.5,32.45,0.36,2.12,0.42,0.27,0.3,0.03,2.97,0.27,0.82,0.03,-0.07,4.03,10.88,0.12
2,159,2025/26,Germany,Bundesliga,Frankfurt,https://omo.akamai.opta.net/image.php?secure=true&h=omo.akamai.opta.net&sport=football&entity=team&description=badges&dimensions=150&id=c5hderjlkcoaze51e5wgvptk,33,1.79,1.32,0.46,11.91,4.55,15.01,0.11,1.79,11.91,1.32,,,,23.97,0.33,1.27,0.12,0.12,0.3,0.0,1.94,0.21,0.82,0.15,54.9,84.2,86.12,69.9,31.3,15.7,25.8,27.3,10.61,2.15,20.3,1.33,11.12,11.8,41.6,6.33,0.82,0.18,12.92,12.21,1.71,3.97,10.6,2.33,0.03,1.27,0.09,4.73,0.36,0.97,0.36,9.24,1.58,0.12,0.12,9.82,1.88,0.06,0.09,1.91,1.5,0.41,12.55,4.82,15.22,0.12,70.29,80.95,0.33,3.3,0.3,17.46,26.33,19.76,54.9,16,9,45,3,26,49.4,45.4,22.97,0.42,2.55,0.09,0.09,0.39,0.09,2.3,0.3,1.33,0.3,0.46,4.55,15.01,0.11
2,816,2025/26,Germany,Bundesliga,Union Berlin,https://omo.akamai.opta.net/image.php?secure=true&h=omo.akamai.opta.net&sport=football&entity=team&description=badges&dimensions=150&id=a8d2gb2nag8fy0itbuxmcibh2,33,1.21,1.28,-0.07,12.33,3.76,9.83,0.1,1.21,12.33,1.28,,,,22.7,0.33,1.61,0.15,0.09,0.33,0.0,3.61,0.27,0.82,0.12,40.0,72.1,59.0,55.6,42.5,14.4,21.6,21.6,13.36,3.42,25.6,0.76,11.48,16.0,41.1,5.97,0.82,0.0,13.71,3.82,1.94,2.56,6.46,0.48,0.03,1.0,0.15,4.7,0.27,0.58,0.15,9.7,2.03,0.09,0.15,12.06,1.82,0.12,0.18,1.76,1.57,0.18,13.0,4.52,13.52,0.12,65.5,82.76,0.24,4.15,0.29,13.79,31.93,18.52,40.0,15,9,47,4,31,46.9,51.8,23.03,0.27,1.27,0.18,0.18,0.39,0.0,2.33,0.18,1.06,0.21,-0.07,3.76,9.83,0.1
2,683,2025/26,Germany,Bundesliga,M'gladbach,https://omo.akamai.opta.net/image.php?secure=true&h=omo.akamai.opta.net&sport=football&entity=team&description=badges&dimensions=150&id=go76xxm0xyfgqt1h6tcrtimm,33,1.15,1.26,-0.11,11.7,4.09,9.84,0.11,1.15,11.7,1.26,,,,21.27,0.33,1.88,0.21,0.12,0.12,0.03,2.06,0.21,0.67,0.12,46.8,82.3,67.3,68.1,34.4,15.2,24.8,25.6,11.45,2.42,21.2,1.27,9.12,15.9,39.4,5.3,0.79,0.0,14.86,10.48,1.78,3.58,9.51,2.09,0.12,1.48,0.06,4.55,0.3,0.52,0.09,10.33,1.7,0.09,0.21,10.21,2.15,0.03,0.15,1.61,1.55,0.06,14.3,5.64,11.23,0.11,62.5,94.34,0.3,3.76,0.29,18.87,26.27,18.66,46.8,16,10,48,4,31,49.7,52.0,27.0,0.33,1.88,0.15,0.15,0.24,0.0,2.39,0.18,0.97,0.09,-0.11,4.09,9.84,0.11
2,171,2025/26,Germany,Bundesliga,Bremen,https://omo.akamai.opta.net/image.php?secure=true&h=omo.akamai.opta.net&sport=football&entity=team&description=badges&dimensions=150&id=cu0eztmjcsbydyp53aleznorw,33,1.12,1.25,-0.13,13.21,4.18,8.49,0.1,1.12,13.21,1.25,,,,23.42,0.27,1.7,0.12,0.09,0.39,0.0,1.67,0.18,1.55,0.12,51.2,82.2,88.52,69.6,32.2,15.1,25.6,27.1,13.39,3.12,23.3,1.55,11.58,13.4,41.1,6.94,1.0,0.09,14.41,10.48,1.79,3.66,9.41,1.55,0.09,1.73,0.12,4.18,0.27,0.76,0.24,9.06,2.12,0.15,0.12,9.55,1.45,0.15,0.18,1.76,1.62,0.14,13.7,5.06,12.83,0.12,65.49,86.21,0.36,4.0,0.36,20.69,29.2,22.27,51.2,17,9,49,4,28,50.1,52.3,25.48,0.27,1.39,0.18,0.18,0.64,0.0,2.21,0.24,1.15,0.12,-0.13,4.18,8.49,0.1
2,161,2025/26,Germany,Bundesliga,Hamburg,https://omo.akamai.opta.net/image.php?secure=true&h=omo.akamai.opta.net&sport=football&entity=team&description=badges&dimensions=150&id=75xi6hloabmnjn2kzgj1g8h1s,33,1.18,1.21,-0.03,12.09,4.52,9.77,0.1,1.18,12.09,1.21,,,,19.7,0.45,1.79,0.18,0.12,0.42,0.06,2.24,0.09,1.45,0.3,45.6,80.8,54.94,62.9,35.0,15.5,24.8,24.7,11.55,2.45,21.3,1.27,7.76,15.6,39.5,4.55,0.85,0.09,18.67,7.73,1.87,3.2,8.95,1.09,0.06,1.61,0.21,4.91,0.18,0.88,0.24,12.36,2.0,0.24,0.18,11.24,2.39,0.09,0.3,1.61,1.77,-0.16,14.18,4.97,11.32,0.13,65.81,88.68,0.3,4.7,0.39,18.87,33.12,22.2,45.6,15,9,44,4,32,51.8,51.7,27.24,0.24,1.36,0.3,0.18,0.48,0.03,3.0,0.18,0.82,0.03,-0.03,4.52,9.77,0.1
2,680,2025/26,Germany,Bundesliga,St. Pauli,https://omo.akamai.opta.net/image.php?secure=true&h=omo.akamai.opta.net&sport=football&entity=team&description=badges&dimensions=150&id=85jtaw5dcxxx1yp8te6axh3p8,33,0.85,0.9,-0.05,10.24,3.39,8.28,0.09,0.85,10.24,0.9,,,,16.97,0.18,1.94,0.15,0.12,0.24,0.03,1.33,0.18,0.91,0.03,44.3,78.1,76.0,62.3,38.0,14.8,22.7,24.4,11.7,2.03,17.4,1.27,10.94,19.2,41.6,5.94,0.82,0.06,13.78,6.85,1.88,3.21,7.38,1.18,0.06,1.27,0.09,3.91,0.15,0.91,0.3,8.76,1.52,0.06,0.15,9.3,1.61,0.06,0.15,1.73,1.62,0.1,12.18,5.27,14.18,0.13,71.39,89.47,0.45,3.67,0.37,26.32,30.1,22.95,44.3,17,9,49,3,28,52.2,43.2,23.97,0.27,2.21,0.15,0.09,0.3,0.03,2.15,0.36,1.03,0.21,-0.05,3.39,8.28,0.09
3,178,2025/26,Spain,LaLiga,Barcelona,https://omo.akamai.opta.net/image.php?secure=true&h=omo.akamai.opta.net&sport=football&entity=team&description=badges&dimensions=150&id=agh9ifb2mw3ivjusgedj7c3fe,35,2.6,2.39,0.21,18.8,6.97,13.83,0.13,0.4,4.26,0.31,15.38,22.64,13.15,36.46,0.83,2.26,0.29,0.2,0.74,0.03,1.97,0.31,1.06,0.31,68.5,90.0,156.26,81.9,25.7,15.0,29.2,30.1,10.17,2.43,23.9,3.23,12.37,8.6,43.9,7.8,1.34,0.26,17.22,21.83,1.7,5.13,14.07,6.2,0.29,1.8,0.26,4.83,0.51,0.54,0.03,11.43,1.54,0.06,0.29,9.29,2.46,0.23,0.11,0.89,1.21,-0.32,8.89,3.46,9.97,0.14,79.1,93.55,0.2,2.46,0.24,22.58,27.65,19.84,68.5,17,7,46,2,19,53.1,59.3,18.23,0.09,4.46,0.11,0.09,0.2,0.0,1.37,0.06,1.2,0.14,,,,
3,186,2025/26,Spain,LaLiga,Real Madrid,https://omo.akamai.opta.net/image.php?secure=true&h=omo.akamai.opta.net&sport=football&entity=team&description=badges&dimensions=150&id=3kq9cckrnlogidldtdie2fkbl,35,2.0,2.11,-0.11,17.74,6.77,11.27,0.12,0.37,4.74,0.41,18.57,26.73,19.65,35.74,0.43,1.89,0.4,0.34,0.49,0.0,2.34,0.23,1.23,0.23,58.8,89.6,155.09,82.1,27.8,14.7,29.0,28.5,9.86,1.83,18.6,2.69,11.23,11.6,43.6,7.66,1.8,0.29,23.51,18.74,1.76,4.89,13.48,4.34,0.29,2.74,0.2,4.46,0.11,0.74,0.14,13.43,1.89,0.2,0.4,9.54,2.14,0.29,0.11,0.94,1.1,-0.16,10.8,3.23,8.73,0.1,62.7,75.76,0.14,2.6,0.22,15.15,24.07,19.82,58.8,16,7,47,3,17,54.5,57.6,18.4,0.29,0.89,0.11,0.11,0.31,0.06,1.54,0.11,0.69,0.06,,,,
3,449,2025/26,Spain,LaLiga,Villarreal,https://omo.akamai.opta.net/image.php?secure=true&h=omo.akamai.opta.net&sport=football&entity=team&description=badges&dimensions=150&id=74mcjsm72vr3l9pw2i4qfjchj,35,1.86,1.57,0.29,12.11,4.51,15.33,0.13,0.2,2.77,0.21,10.77,22.88,13.25,24.74,0.29,1.94,0.17,0.17,0.14,0.0,1.23,0.14,1.57,0.37,43.9,82.7,75.14,70.4,32.0,13.4,27.6,27.1,8.66,2.0,23.1,2.14,9.69,15.1,39.0,5.71,0.63,0.09,11.0,8.86,2.01,3.42,9.09,1.86,0.09,2.43,0.29,4.86,0.23,1.03,0.29,11.83,2.11,0.09,0.17,11.51,2.06,0.09,0.23,1.14,1.22,-0.08,12.83,3.74,8.91,0.1,61.02,82.5,0.14,3.31,0.23,12.5,25.84,18.77,43.9,18,9,47,4,27,49.5,47.8,24.83,0.11,1.2,0.23,0.2,0.54,0.03,2.26,0.23,0.57,0.09,,,,
3,175,2025/26,Spain,LaLiga,Atlético,https://omo.akamai.opta.net/image.php?secure=true&h=omo.akamai.opta.net&sport=football&entity=team&description=badges&dimensions=150&id=4ku8o6uf87yd8iecdalipo6wd,36,1.67,1.55,0.12,13.11,5.14,12.71,0.12,0.31,3.47,0.28,18.33,26.48,18.11,27.75,0.39,2.11,0.11,0.08,0.28,0.06,2.78,0.31,0.81,0.22,53.5,85.6,108.08,75.7,30.3,15.7,27.1,27.0,14.69,3.53,24.0,2.64,11.25,12.3,42.4,6.94,0.81,0.14,11.6,13.08,1.68,4.16,10.99,3.31,0.17,1.06,0.11,4.86,0.5,0.61,0.11,9.28,2.06,0.14,0.11,10.58,2.08,0.06,0.14,1.08,1.23,-0.15,11.17,3.42,9.7,0.11,61.44,82.05,0.25,3.36,0.3,23.08,30.1,24.4,53.5,17,8,48,3,21,48.8,53.9,18.75,0.25,1.61,0.14,0.11,0.39,0.0,2.19,0.19,0.64,0.17,,,,
3,185,2025/26,Spain,LaLiga,Betis,https://omo.akamai.opta.net/image.php?secure=true&h=omo.akamai.opta.net&sport=football&entity=team&description=badges&dimensions=150&id=ah8dala7suqqkj04n2l8xz4zd,36,1.56,1.47,0.08,14.31,4.81,10.87,0.1,0.22,3.25,0.25,14.29,22.72,17.03,23.11,0.47,1.61,0.06,0.06,0.42,0.03,1.81,0.19,1.97,0.22,50.2,84.9,94.44,74.0,31.6,15.0,26.6,26.8,10.97,2.33,21.3,1.67,10.25,13.4,42.1,7.17,1.47,0.19,20.54,11.64,2.0,3.78,10.18,2.11,0.06,2.17,0.19,4.28,0.17,0.5,0.14,12.58,1.97,0.06,0.06,9.78,2.47,0.11,0.19,1.22,1.2,0.03,12.19,4.31,10.02,0.1,61.05,77.27,0.25,3.42,0.24,20.45,28.02,20.14,50.2,18,9,49,3,28,51.7,49.6,20.94,0.0,3.17,0.19,0.11,0.39,0.0,1.81,0.17,0.56,0.06,,,,
3,188,2025/26,Spain,LaLiga,Real Sociedad,https://omo.akamai.opta.net/image.php?secure=true&h=omo.akamai.opta.net&sport=football&entity=team&description=badges&dimensions=150&id=63f5h8t5e9qm1fqmvfkb23ghh,35,1.54,1.47,0.07,12.74,4.74,12.11,0.12,0.23,4.11,0.34,14.81,32.29,23.09,22.14,0.29,2.37,0.26,0.23,0.26,0.03,2.2,0.2,0.89,0.2,51.5,83.2,84.11,70.1,34.4,15.6,24.9,25.1,12.26,2.51,20.5,1.97,11.29,10.4,43.1,6.74,1.31,0.11,19.49,10.43,1.93,3.55,9.45,1.29,0.06,1.17,0.11,4.91,0.31,0.66,0.17,11.46,2.11,0.11,0.26,13.51,2.43,0.14,0.14,1.57,1.47,0.1,13.43,4.31,11.7,0.11,64.26,87.27,0.46,3.37,0.29,29.09,25.11,20.0,51.5,18,8,45,4,24,49.4,51.7,23.71,0.29,1.63,0.14,0.14,0.23,0.0,2.4,0.34,1.09,0.14,,,,
3,184,2025/26,Spain,LaLiga,Rayo,https://omo.akamai.opta.net/image.php?secure=true&h=omo.akamai.opta.net&sport=football&entity=team&description=badges&dimensions=150&id=3budh3j9xivsid3ptm8ptpy4k,35,1.03,1.41,-0.38,14.14,4.77,7.27,0.1,0.17,4.06,0.27,16.67,28.69,19.42,19.86,0.29,2.09,0.11,0.09,0.66,0.0,2.17,0.14,1.26,0.11,53.7,82.3,76.09,67.7,34.0,16.1,24.6,25.3,15.43,3.03,19.6,1.26,10.34,10.1,41.2,6.11,1.0,0.03,16.36,8.03,1.85,3.27,8.77,1.17,0.0,1.8,0.03,4.94,0.29,0.6,0.06,10.43,2.6,0.26,0.11,12.57,2.2,0.14,0.23,1.2,1.32,-0.12,12.09,4.09,9.93,0.11,65.72,88.1,0.26,4.06,0.27,21.43,33.57,20.87,53.7,18,8,50,4,26,49.0,44.9,23.29,0.23,0.89,0.23,0.17,0.46,0.0,1.97,0.17,0.86,0.17,,,,
3,855,2025/26,Spain,LaLiga,Levante,https://omo.akamai.opta.net/image.php?secure=true&h=omo.akamai.opta.net&sport=football&entity=team&description=badges&dimensions=150&id=4grc9qgcvusllap8h5j6gc5h5,36,1.22,1.33,-0.11,12.39,3.81,9.87,0.11,0.42,4.22,0.35,34.09,34.08,26.69,20.56,0.39,1.58,0.14,0.06,0.5,0.03,2.53,0.31,1.03,0.11,43.4,79.3,60.44,61.6,35.9,15.7,23.5,25.0,12.28,3.25,26.5,1.33,10.53,13.5,40.6,6.14,1.06,0.11,17.2,6.33,1.91,2.94,7.83,0.94,0.06,1.22,0.11,4.97,0.25,0.5,0.08,12.25,2.22,0.11,0.14,11.92,2.14,0.19,0.11,1.64,1.63,0.01,15.47,5.14,10.59,0.11,65.35,77.97,0.33,4.44,0.3,20.34,28.73,18.2,43.4,16,9,45,4,27,49.1,50.7,27.0,0.36,1.72,0.11,0.08,0.14,0.0,2.83,0.22,0.94,0.25,,,,
3,174,2025/26,Spain,LaLiga,Athletic,https://omo.akamai.opta.net/image.php?secure=true&h=omo.akamai.opta.net&sport=football&entity=team&description=badges&dimensions=150&id=3czravw89omgc9o4s0w3l1bg5,35,1.14,1.33,-0.19,13.6,4.49,8.4,0.1,0.17,3.63,0.28,15.0,26.68,21.22,25.6,0.26,1.34,0.17,0.14,0.06,0.0,2.23,0.11,0.49,0.09,49.3,80.6,90.54,66.9,34.7,14.7,25.5,25.0,18.11,3.4,18.8,1.49,14.86,11.1,45.1,9.77,1.69,0.06,17.25,7.37,2.05,3.1,8.17,1.51,0.06,1.11,0.14,4.97,0.2,0.74,0.14,10.43,2.03,0.2,0.17,12.86,2.03,0.11,0.17,1.46,1.13,0.33,9.4,4.17,15.5,0.12,64.74,78.43,0.26,2.4,0.16,17.65,25.53,13.8,49.3,15,9,52,2,21,45.7,48.9,16.23,0.11,3.2,0.17,0.09,0.2,0.06,1.37,0.14,1.09,0.2,,,,
3,176,2025/26,Spain,LaLiga,Celta,https://omo.akamai.opta.net/image.php?secure=true&h=omo.akamai.opta.net&sport=football&entity=team&description=badges&dimensions=150&id=6f27yvbqcngegwsg2ozxxdj4,36,1.42,1.33,0.09,10.19,4.11,13.9,0.13,0.17,2.06,0.17,11.76,20.16,12.89,20.06,0.11,2.0,0.22,0.22,0.17,0.0,1.17,0.06,0.67,0.08,50.6,86.2,100.19,75.2,28.8,14.8,28.4,28.0,8.0,1.64,20.5,3.33,9.28,14.1,39.8,5.69,0.83,0.14,14.63,14.03,1.59,4.39,11.66,2.94,0.17,1.44,0.11,5.0,0.47,0.89,0.22,11.5,1.89,0.03,0.22,11.19,2.17,0.22,0.31,1.31,1.29,0.02,12.28,4.14,10.63,0.1,64.48,82.98,0.33,3.28,0.26,25.53,26.7,20.23,50.6,14,7,44,3,24,49.5,45.7,23.08,0.28,2.0,0.31,0.17,0.36,0.0,2.33,0.17,0.5,0.06,,,,
3,191,2025/26,Spain,LaLiga,Valencia,https://omo.akamai.opta.net/image.php?secure=true&h=omo.akamai.opta.net&sport=football&entity=team&description=badges&dimensions=150&id=ba5e91hjacvma2sjvixn00pjo,35,1.09,1.3,-0.21,11.57,3.09,9.38,0.11,0.23,3.29,0.25,21.05,28.4,19.44,21.29,0.4,1.71,0.26,0.14,0.4,0.0,1.94,0.26,0.71,0.14,48.2,82.0,74.8,68.9,32.9,14.7,26.5,25.9,13.49,2.89,21.4,1.23,10.4,13.4,41.4,6.6,1.06,0.09,16.02,8.09,1.82,3.34,9.32,1.69,0.06,1.17,0.14,4.94,0.23,0.63,0.2,11.29,1.94,0.06,0.26,11.69,2.14,0.2,0.2,1.43,1.26,0.17,12.03,4.23,11.88,0.1,64.85,84.0,0.31,3.57,0.29,22.0,29.69,22.75,48.2,16,8,47,3,27,49.8,45.8,23.69,0.09,2.63,0.2,0.17,0.4,0.0,1.77,0.17,0.86,0.06,,,,
3,177,2025/26,Spain,LaLiga,Espanyol,https://omo.akamai.opta.net/image.php?secure=true&h=omo.akamai.opta.net&sport=football&entity=team&description=badges&dimensions=150&id=c8llrezkm3b3op4afrou6b487,35,1.09,1.29,-0.2,12.69,4.06,8.56,0.1,0.37,4.57,0.4,34.21,36.04,31.17,19.49,0.17,1.74,0.14,0.09,0.37,0.0,3.17,0.31,0.83,0.14,41.8,78.6,59.43,60.8,38.0,14.5,23.1,24.4,15.63,3.14,20.1,1.29,11.37,12.8,41.6,6.34,1.11,0.03,17.57,5.74,2.12,2.89,7.62,0.94,0.06,1.11,0.06,4.83,0.29,0.43,0.14,11.91,2.34,0.14,0.14,12.74,2.51,0.06,0.14,1.51,1.47,0.05,13.63,5.11,11.11,0.11,67.51,81.13,0.23,3.74,0.29,15.09,27.46,19.51,41.8,16,8,45,4,24,48.4,46.7,24.09,0.31,1.49,0.14,0.14,0.43,0.03,2.37,0.23,1.17,0.17,,,,
3,173,2025/26,Spain,LaLiga,Alavés,https://omo.akamai.opta.net/image.php?secure=true&h=omo.akamai.opta.net&sport=football&entity=team&description=badges&dimensions=150&id=4dtdjgnpdq9uw4sdutti0vaar,35,1.17,1.25,-0.08,12.23,3.94,9.58,0.1,0.29,3.49,0.29,24.39,28.5,23.16,20.63,0.31,1.94,0.2,0.2,0.23,0.03,2.23,0.17,0.74,0.03,49.2,80.8,78.57,68.2,34.2,15.8,24.9,25.0,14.71,3.14,21.4,0.91,10.8,11.2,41.5,6.11,1.11,0.09,18.22,8.31,1.8,3.19,8.11,1.6,0.06,1.23,0.03,4.57,0.17,0.54,0.11,12.97,2.31,0.14,0.2,14.17,1.91,0.17,0.14,1.54,1.3,0.25,12.66,4.2,12.19,0.1,65.46,87.04,0.17,4.17,0.34,11.11,32.96,26.48,49.2,18,8,49,4,24,47.5,49.4,23.06,0.29,1.49,0.14,0.14,0.34,0.0,2.54,0.2,0.8,0.23,,,,
3,2893,2025/26,Spain,LaLiga,Girona,https://omo.akamai.opta.net/image.php?secure=true&h=omo.akamai.opta.net&sport=football&entity=team&description=badges&dimensions=150&id=7h7eg7q7dbwvzww78h9d5eh0h,35,1.06,1.24,-0.18,10.31,3.86,10.25,0.12,0.14,2.34,0.24,13.51,22.71,18.98,20.06,0.23,1.97,0.23,0.2,0.31,0.0,1.37,0.09,0.8,0.09,50.2,85.5,95.89,75.9,31.0,16.5,26.2,26.4,10.29,1.71,16.7,1.31,9.14,14.8,39.6,5.83,0.74,0.03,12.74,11.71,1.6,3.89,11.41,2.2,0.11,1.4,0.09,4.54,0.26,0.86,0.23,13.63,2.0,0.2,0.23,9.91,1.91,0.06,0.17,1.49,1.54,-0.05,15.03,4.94,9.89,0.1,67.49,84.62,0.23,3.8,0.27,15.38,25.29,17.34,50.2,16,8,47,4,25,52.3,47.6,27.63,0.29,1.57,0.17,0.14,0.4,0.03,2.86,0.31,1.23,0.09,,,,
3,450,2025/26,Spain,LaLiga,Osasuna,https://omo.akamai.opta.net/image.php?secure=true&h=omo.akamai.opta.net&sport=football&entity=team&description=badges&dimensions=150&id=2l0ldgiwsgb8d6y3z0sfgjzyj,36,1.19,1.21,-0.02,11.53,3.83,10.36,0.1,0.39,3.53,0.31,32.56,30.6,25.13,22.56,0.31,1.33,0.22,0.17,0.36,0.06,2.61,0.31,0.83,0.06,46.2,80.4,71.72,68.1,36.4,14.9,25.2,23.5,15.67,3.58,22.9,0.56,11.11,13.5,41.7,6.78,0.89,0.03,13.12,7.14,1.97,3.18,8.69,1.36,0.06,1.56,0.08,4.58,0.28,0.44,0.19,10.78,2.44,0.19,0.22,12.67,2.33,0.14,0.25,1.31,1.34,-0.04,12.78,4.61,10.22,0.1,58.7,80.85,0.19,3.31,0.25,14.89,25.87,18.33,46.2,15,8,47,3,27,48.5,53.3,23.14,0.08,1.81,0.25,0.25,0.25,0.0,1.81,0.22,0.64,0.14,,,,
3,954,2025/26,Spain,LaLiga,Elche,https://omo.akamai.opta.net/image.php?secure=true&h=omo.akamai.opta.net&sport=football&entity=team&description=badges&dimensions=150&id=4yg9ttzw0m51048doksv8uq5r,36,1.31,1.16,0.15,11.03,3.92,11.84,0.1,0.14,2.5,0.16,10.64,22.67,13.64,20.69,0.17,1.53,0.14,0.11,0.25,0.03,2.33,0.08,0.58,0.14,58.0,85.9,106.28,76.4,31.5,18.2,25.1,25.1,12.94,3.03,23.4,1.14,10.03,9.9,39.8,5.83,1.19,0.08,20.48,13.31,1.68,3.88,10.76,2.61,0.06,1.19,0.17,5.0,0.22,0.81,0.17,14.08,1.94,0.19,0.14,12.39,2.22,0.06,0.19,1.56,1.72,-0.16,14.22,4.89,10.94,0.12,66.02,78.57,0.22,3.25,0.24,14.29,22.85,14.24,58.0,18,8,47,4,22,52.4,49.8,24.11,0.25,1.86,0.19,0.17,0.31,0.0,2.25,0.17,1.36,0.28,,,,
3,181,2025/26,Spain,LaLiga,Mallorca,https://omo.akamai.opta.net/image.php?secure=true&h=omo.akamai.opta.net&sport=football&entity=team&description=badges&dimensions=150&id=50x1m4u58lffhq6v6ga1hbxmy,35,1.23,1.15,0.08,10.66,4.17,11.53,0.11,0.17,2.89,0.2,13.95,27.08,17.83,18.26,0.09,1.34,0.2,0.14,0.4,0.0,2.57,0.23,0.57,0.09,45.6,80.7,65.43,65.9,36.2,15.8,24.5,23.5,13.8,3.43,24.8,0.69,8.91,13.6,40.5,5.86,0.66,0.09,11.22,7.69,1.89,3.29,9.21,1.43,0.09,1.11,0.09,4.6,0.11,0.51,0.14,11.66,2.09,0.11,0.2,11.54,1.94,0.26,0.2,1.49,1.67,-0.18,14.66,4.66,10.14,0.11,62.18,84.62,0.26,3.97,0.35,17.31,27.1,20.82,45.6,15,7,44,5,29,49.5,52.1,26.71,0.23,1.74,0.2,0.17,0.34,0.03,2.17,0.2,1.0,0.06,,,,
3,179,2025/26,Spain,LaLiga,Sevilla,https://omo.akamai.opta.net/image.php?secure=true&h=omo.akamai.opta.net&sport=football&entity=team&description=badges&dimensions=150&id=10eyb18v5puw4ez03ocaug09m,35,1.23,1.05,0.17,11.46,3.54,10.72,0.09,0.14,3.26,0.18,11.63,28.43,16.89,21.29,0.26,2.74,0.17,0.14,0.23,0.0,1.94,0.14,0.97,0.17,51.8,81.1,75.49,68.0,34.3,15.5,25.3,24.9,10.63,2.57,24.2,1.09,10.14,10.5,41.7,6.29,0.91,0.06,14.54,8.49,1.87,3.27,8.77,1.26,0.09,1.43,0.09,4.69,0.29,0.86,0.17,12.11,2.83,0.14,0.17,13.89,2.2,0.09,0.31,1.6,1.54,0.06,10.63,4.31,15.05,0.14,70.16,89.29,0.26,2.89,0.24,16.07,27.15,15.56,51.8,18,9,48,3,25,50.2,53.0,20.37,0.06,0.77,0.31,0.26,0.2,0.03,1.83,0.2,0.89,0.17,,,,
3,187,2025/26,Spain,LaLiga,Oviedo,https://omo.akamai.opta.net/image.php?secure=true&h=omo.akamai.opta.net&sport=football&entity=team&description=badges&dimensions=150&id=clo928vcczjp0mczavs5o7p5k,35,0.74,0.98,-0.23,10.09,3.37,7.37,0.1,0.29,2.91,0.26,38.46,28.9,26.65,17.2,0.29,2.14,0.09,0.06,0.11,0.0,2.03,0.2,0.63,0.09,45.8,81.6,60.23,67.1,34.1,15.9,24.8,25.2,13.2,2.94,22.3,0.89,7.89,12.7,40.3,5.8,0.97,0.06,16.75,7.17,1.74,3.22,9.14,1.11,0.03,0.97,0.06,4.91,0.06,1.0,0.31,11.09,1.97,0.29,0.09,11.83,1.43,0.14,0.2,1.54,1.57,-0.03,14.8,5.6,10.42,0.11,61.97,85.19,0.4,4.06,0.34,25.93,27.41,21.81,45.8,18,8,46,4,27,51.4,51.4,26.4,0.29,1.26,0.2,0.14,0.26,0.03,2.57,0.26,0.94,0.14,,,,
3,1450,2025/26,Spain,LaLiga,Getafe,https://omo.akamai.opta.net/image.php?secure=true&h=omo.akamai.opta.net&sport=football&entity=team&description=badges&dimensions=150&id=1n1j0wsl763lq7ee1k0c11c02,35,0.8,0.82,-0.02,9.57,2.8,8.36,0.09,0.31,4.09,0.24,39.29,42.69,29.33,15.66,0.11,2.54,0.11,0.06,0.14,0.0,2.31,0.2,0.37,0.03,39.8,69.0,55.43,55.4,44.6,14.2,20.1,21.1,13.71,2.54,18.5,0.71,13.31,11.7,42.8,6.54,0.8,0.03,12.23,1.77,1.95,2.18,5.6,0.26,0.0,0.46,0.03,3.91,0.06,0.6,0.23,13.66,2.8,0.2,0.11,14.26,2.29,0.17,0.11,1.03,1.17,-0.14,11.14,4.11,9.23,0.1,64.62,75.0,0.23,3.91,0.29,22.22,35.13,25.02,39.8,18,9,46,2,27,49.5,44.4,19.4,0.26,2.77,0.11,0.03,0.37,0.0,2.69,0.23,1.03,0.26,,,,
4,43,2025/26,England,Premier League,Man City,https://omo.akamai.opta.net/image.php?secure=true&h=omo.akamai.opta.net&sport=football&entity=team&description=badges&dimensions=150&id=a3nyxabgsqlnqfkeg41m6tnpp,35,2.06,1.9,0.16,15.69,5.51,13.11,0.12,0.29,3.83,0.37,13.89,24.41,19.23,36.51,0.49,1.17,0.11,0.09,0.31,0.0,2.49,0.26,0.94,0.26,60.6,88.5,145.94,81.7,26.2,16.8,28.5,28.4,10.4,2.57,24.7,3.29,12.06,11.6,44.4,8.66,1.74,0.17,20.13,18.11,1.61,4.72,13.49,5.49,0.31,1.29,0.06,3.8,0.06,0.83,0.14,11.11,1.83,0.0,0.11,9.54,2.06,0.06,0.06,0.91,1.13,-0.21,9.74,3.37,9.38,0.12,71.26,78.13,0.31,2.71,0.25,34.38,27.86,22.28,60.6,15,8,46,3,22,51.0,57.8,19.09,0.26,2.97,0.06,0.03,0.26,0.03,1.57,0.09,1.17,0.06,,,,
4,8,2025/26,England,Premier League,Chelsea,https://omo.akamai.opta.net/image.php?secure=true&h=omo.akamai.opta.net&sport=football&entity=team&description=badges&dimensions=150&id=9q0arba2kbnywth8bkxlhgmdr,36,1.53,1.81,-0.28,13.67,4.42,11.18,0.13,0.36,3.5,0.38,23.64,25.61,21.13,27.19,0.47,1.56,0.22,0.19,0.56,0.08,2.11,0.28,1.06,0.14,58.1,87.4,108.56,77.1,27.1,15.8,28.5,28.6,12.94,2.64,20.4,2.69,10.64,10.9,42.4,6.72,1.58,0.17,23.55,16.36,1.58,4.54,12.14,3.36,0.17,1.92,0.17,4.14,0.14,0.86,0.22,11.53,2.31,0.19,0.22,10.72,2.03,0.08,0.06,1.36,1.37,-0.0,10.69,4.19,12.73,0.13,70.39,91.84,0.47,3.5,0.44,34.69,32.73,32.36,58.1,16,10,46,3,22,50.8,51.2,22.08,0.25,1.42,0.06,0.06,0.39,0.0,2.19,0.36,0.75,0.11,,,,
4,3,2025/26,England,Premier League,Arsenal,https://omo.akamai.opta.net/image.php?secure=true&h=omo.akamai.opta.net&sport=football&entity=team&description=badges&dimensions=150&id=4dsgumo7d4zupm2ugsvm4zm4d,36,1.89,1.72,0.17,14.53,4.92,13.0,0.12,0.58,4.72,0.56,30.88,32.5,32.53,32.67,0.36,1.67,0.11,0.11,0.22,0.0,2.81,0.42,0.86,0.11,55.9,84.0,111.5,73.8,31.2,14.3,27.6,26.9,11.67,2.53,21.7,3.36,11.5,10.7,44.3,7.56,1.08,0.17,14.34,12.42,1.81,3.78,10.98,2.83,0.08,1.94,0.17,4.36,0.31,0.72,0.14,10.67,1.36,0.0,0.11,10.03,1.86,0.06,0.0,0.72,0.75,-0.03,8.25,2.42,8.75,0.09,62.96,73.08,0.19,2.22,0.18,26.92,26.94,23.48,55.9,16,7,45,4,24,51.8,50.9,16.39,0.22,0.67,0.0,0.0,0.19,0.03,1.39,0.11,0.75,0.03,,,,
4,1,2025/26,England,Premier League,Man Utd,https://omo.akamai.opta.net/image.php?secure=true&h=omo.akamai.opta.net&sport=football&entity=team&description=badges&dimensions=150&id=6eqit8ye8aomdsrrq0hk3v7gh,36,1.75,1.65,0.1,15.44,5.58,11.33,0.11,0.5,4.0,0.4,28.57,25.9,24.3,26.94,0.53,1.44,0.17,0.11,0.17,0.03,2.89,0.36,1.0,0.11,52.0,82.8,98.86,73.6,33.0,16.4,24.8,25.8,11.89,3.11,26.2,2.92,10.81,12.0,42.2,6.92,1.14,0.17,16.47,10.78,1.84,3.63,9.56,2.42,0.08,1.64,0.06,3.89,0.14,0.72,0.14,10.5,1.64,0.08,0.17,10.0,2.06,0.14,0.11,1.33,1.27,0.06,11.58,3.75,11.51,0.11,66.67,83.33,0.36,3.83,0.41,27.08,33.09,31.79,52.0,18,8,48,4,25,51.9,50.7,24.5,0.31,1.69,0.11,0.11,0.39,0.06,2.08,0.22,0.92,0.19,,,,
4,91,2025/26,England,Premier League,Bournemouth,https://omo.akamai.opta.net/image.php?secure=true&h=omo.akamai.opta.net&sport=football&entity=team&description=badges&dimensions=150&id=1pse9ta7a45pi2w2grjim70ge,36,1.56,1.63,-0.08,13.81,4.75,11.27,0.12,0.39,3.81,0.42,25.0,27.57,25.46,25.08,0.44,1.94,0.17,0.14,0.53,0.06,1.86,0.14,1.08,0.25,50.1,79.9,85.89,67.3,35.7,16.6,23.9,23.9,13.97,2.69,19.3,1.97,11.5,11.2,42.4,7.64,1.44,0.17,18.91,8.28,1.89,3.15,8.31,1.58,0.08,2.14,0.14,4.56,0.25,0.56,0.08,10.17,2.31,0.06,0.17,11.72,1.83,0.11,0.17,1.44,1.49,-0.04,12.53,4.22,11.53,0.12,70.51,80.77,0.47,4.53,0.47,32.69,36.14,31.76,50.1,17,10,52,4,31,48.8,46.7,28.17,0.28,1.11,0.17,0.17,0.22,0.08,2.19,0.22,0.94,0.11,,,,
4,94,2025/26,England,Premier League,Brentford,https://omo.akamai.opta.net/image.php?secure=true&h=omo.akamai.opta.net&sport=football&entity=team&description=badges&dimensions=150&id=7yx5dqhhphyvfisohikodajhv,36,1.44,1.58,-0.14,10.56,3.94,13.68,0.15,0.25,4.33,0.47,17.31,41.05,29.97,24.75,0.44,1.56,0.28,0.22,0.25,0.0,3.19,0.25,1.33,0.25,47.5,79.2,65.0,62.1,35.8,16.0,24.4,23.8,12.22,2.97,24.3,1.47,10.53,12.3,41.1,6.19,0.75,0.11,12.11,7.56,1.92,3.11,8.26,1.06,0.08,1.5,0.14,3.58,0.08,0.72,0.25,9.03,1.81,0.03,0.28,10.08,1.86,0.03,0.19,1.36,1.37,-0.01,12.92,4.17,10.54,0.11,63.23,87.76,0.22,3.75,0.26,16.33,29.03,18.9,47.5,15,9,50,5,29,46.7,50.6,26.92,0.31,0.97,0.19,0.11,0.19,0.0,2.03,0.36,0.64,0.14,,,,
4,14,2025/26,England,Premier League,Liverpool,https://omo.akamai.opta.net/image.php?secure=true&h=omo.akamai.opta.net&sport=football&entity=team&description=badges&dimensions=150&id=c8h9bw1l82s06h77xxrelzhur,36,1.67,1.58,0.09,15.25,4.5,10.93,0.1,0.44,3.36,0.3,26.67,22.04,19.02,33.39,0.44,2.0,0.06,0.03,0.47,0.11,2.08,0.14,1.31,0.17,59.3,85.7,136.42,77.9,31.2,15.1,27.2,26.4,13.39,2.33,17.4,2.22,12.0,11.4,42.6,7.5,1.39,0.28,18.52,14.97,1.84,4.16,11.48,3.81,0.11,2.08,0.06,3.97,0.11,0.81,0.14,10.19,1.5,0.03,0.06,9.83,1.92,0.14,0.11,1.33,1.22,0.11,11.39,3.94,11.71,0.11,65.37,79.17,0.5,3.92,0.34,37.5,34.39,28.18,59.3,13,7,45,3,26,49.1,54.2,22.5,0.31,1.58,0.11,0.08,0.42,0.03,2.03,0.14,0.86,0.14,,,,
4,31,2025/26,England,Premier League,Crystal Palace,https://omo.akamai.opta.net/image.php?secure=true&h=omo.akamai.opta.net&sport=football&entity=team&description=badges&dimensions=150&id=1c8m2ko0wxq1asfkuykurdr0y,35,1.09,1.56,-0.48,11.77,3.77,9.22,0.13,0.29,4.11,0.48,26.32,34.95,30.55,24.23,0.46,1.86,0.2,0.2,0.17,0.0,2.51,0.29,0.97,0.0,46.8,78.5,68.4,61.8,35.1,13.9,25.6,25.4,11.29,2.31,20.5,2.11,10.49,13.1,41.4,5.63,0.8,0.11,14.21,7.77,2.02,3.19,8.23,1.37,0.09,1.26,0.0,3.46,0.17,0.83,0.2,9.4,1.97,0.06,0.2,10.11,1.8,0.11,0.2,1.26,1.31,-0.06,11.4,4.23,11.03,0.12,69.42,86.36,0.46,4.49,0.47,36.36,39.35,35.83,46.8,18,8,47,3,34,49.5,48.5,24.26,0.14,1.51,0.2,0.14,0.43,0.03,2.51,0.2,0.71,0.14,,,,
4,4,2025/26,England,Premier League,Newcastle,https://omo.akamai.opta.net/image.php?secure=true&h=omo.akamai.opta.net&sport=football&entity=team&description=badges&dimensions=150&id=7vn2i2kd35zuetw6b38gw9jsz,36,1.39,1.53,-0.14,13.06,4.64,10.64,0.12,0.42,4.92,0.53,30.0,37.66,34.36,25.78,0.53,1.28,0.17,0.17,0.36,0.0,2.39,0.28,0.97,0.08,52.4,83.1,98.75,72.3,34.0,14.7,25.7,25.6,17.0,3.42,20.1,1.58,11.67,11.3,42.1,6.72,0.81,0.11,11.98,9.94,1.88,3.63,9.6,2.53,0.08,1.89,0.03,4.44,0.19,0.92,0.19,11.58,1.67,0.08,0.17,9.69,2.39,0.06,0.14,1.44,1.35,0.1,12.06,4.28,11.98,0.11,66.82,82.69,0.42,3.06,0.28,28.85,25.35,21.11,52.4,14,7,49,4,27,49.2,54.4,25.06,0.28,1.14,0.14,0.14,0.28,0.03,1.89,0.31,1.39,0.14,,,,
4,36,2025/26,England,Premier League,Brighton,https://omo.akamai.opta.net/image.php?secure=true&h=omo.akamai.opta.net&sport=football&entity=team&description=badges&dimensions=150&id=e5p0ehyguld7egzhiedpdnc3w,36,1.44,1.5,-0.06,12.86,4.61,11.23,0.12,0.31,3.44,0.29,21.15,26.78,19.55,27.86,0.36,1.69,0.14,0.08,0.39,0.03,2.28,0.22,0.61,0.03,53.8,83.8,86.64,69.8,31.2,16.1,26.0,26.7,13.33,3.33,25.0,1.06,12.86,10.0,44.0,8.67,1.25,0.19,14.42,11.11,1.83,3.63,9.93,2.58,0.0,1.03,0.03,4.67,0.33,0.94,0.31,9.86,2.39,0.0,0.14,11.61,2.08,0.03,0.17,1.17,1.31,-0.14,11.78,3.89,9.91,0.11,70.75,71.43,0.17,3.44,0.31,14.29,29.25,23.91,53.8,18,9,49,3,24,48.4,50.2,25.11,0.11,1.47,0.17,0.14,0.31,0.03,2.25,0.17,1.0,0.03,,,,
4,2,2025/26,England,Premier League,Leeds,https://omo.akamai.opta.net/image.php?secure=true&h=omo.akamai.opta.net&sport=football&entity=team&description=badges&dimensions=150&id=48gk2hpqtsl6p9sx9kjhaydq4,36,1.33,1.45,-0.12,12.72,4.08,10.48,0.11,0.44,5.03,0.44,33.33,39.52,30.52,23.75,0.36,1.56,0.22,0.17,0.25,0.08,2.92,0.17,0.81,0.08,45.8,79.5,63.17,62.6,35.1,16.0,24.7,24.2,12.17,2.72,22.4,0.72,12.06,13.0,43.0,7.47,1.36,0.14,18.22,8.69,1.87,3.11,8.13,1.31,0.06,1.11,0.03,4.28,0.17,0.44,0.08,11.06,1.61,0.03,0.22,10.0,1.86,0.03,0.17,1.47,1.39,0.08,12.28,4.06,11.99,0.11,67.42,86.79,0.42,4.44,0.41,28.3,36.2,29.33,45.8,17,9,45,4,30,50.1,47.4,24.03,0.28,2.19,0.17,0.17,0.39,0.06,2.47,0.22,0.58,0.06,,,,
4,11,2025/26,England,Premier League,Everton,https://omo.akamai.opta.net/image.php?secure=true&h=omo.akamai.opta.net&sport=football&entity=team&description=badges&dimensions=150&id=ehd2iemqmschhj2ec0vayztzz,36,1.28,1.26,0.02,11.17,3.81,11.44,0.11,0.33,4.17,0.41,26.09,37.31,32.83,23.94,0.44,1.44,0.06,0.06,0.31,0.0,2.19,0.22,0.83,0.14,43.4,79.5,83.69,68.2,35.6,16.2,25.4,22.8,12.14,2.53,20.8,1.56,12.17,13.7,42.7,7.64,1.03,0.11,13.46,6.97,1.8,3.06,8.34,1.39,0.08,1.19,0.14,3.31,0.14,0.86,0.19,10.64,1.86,0.11,0.06,10.06,1.61,0.0,0.11,1.28,1.52,-0.24,14.03,4.25,9.11,0.11,66.53,89.13,0.28,4.17,0.41,21.74,29.7,27.12,43.4,19,8,47,5,30,51.0,54.7,27.25,0.31,1.11,0.11,0.08,0.31,0.0,2.5,0.31,0.72,0.17,,,,
4,54,2025/26,England,Premier League,Fulham,https://omo.akamai.opta.net/image.php?secure=true&h=omo.akamai.opta.net&sport=football&entity=team&description=badges&dimensions=150&id=hzqh7z0mdl3v7gwete66syxp,36,1.22,1.25,-0.03,12.5,3.58,9.78,0.1,0.25,3.53,0.32,20.45,28.22,25.64,24.53,0.25,1.72,0.11,0.11,0.31,0.03,2.14,0.19,0.64,0.06,51.4,83.8,84.94,72.2,31.1,16.2,26.4,26.4,13.33,3.19,24.0,1.17,9.03,13.7,40.6,4.69,0.83,0.03,17.75,11.58,1.74,3.93,10.45,2.33,0.06,0.97,0.06,4.72,0.25,0.86,0.22,9.33,2.03,0.03,0.11,10.47,1.67,0.11,0.11,1.39,1.43,-0.04,11.94,4.0,11.63,0.12,69.53,84.0,0.25,3.69,0.42,18.0,30.93,29.36,51.4,17,8,45,4,27,51.5,50.3,25.47,0.31,2.69,0.11,0.08,0.25,0.0,2.03,0.17,0.92,0.11,,,,
4,7,2025/26,England,Premier League,Aston Villa,https://omo.akamai.opta.net/image.php?secure=true&h=omo.akamai.opta.net&sport=football&entity=team&description=badges&dimensions=150&id=b496gs285it6bheuikox6z9mj,36,1.39,1.24,0.15,12.69,4.33,10.94,0.1,0.39,3.97,0.36,28.0,31.29,29.21,26.17,0.36,1.08,0.0,0.0,0.36,0.06,1.89,0.22,0.81,0.08,54.0,85.3,94.64,74.7,31.3,15.4,26.0,27.3,11.56,2.14,18.5,1.75,10.14,12.0,40.1,5.78,1.03,0.11,17.79,9.86,1.71,3.57,10.14,2.0,0.03,1.47,0.08,4.61,0.31,1.06,0.39,12.67,1.53,0.03,0.0,9.92,2.44,0.06,0.06,1.28,1.42,-0.14,12.72,4.42,10.04,0.11,66.16,84.78,0.33,3.83,0.37,26.09,30.13,26.22,54.0,15,6,44,4,20,49.0,50.6,23.83,0.11,2.94,0.06,0.03,0.22,0.03,2.33,0.14,0.86,0.06,,,,
4,21,2025/26,England,Premier League,West Ham,https://omo.akamai.opta.net/image.php?secure=true&h=omo.akamai.opta.net&sport=football&entity=team&description=badges&dimensions=150&id=4txjdaqveermfryvbfrr4taf7,36,1.17,1.18,-0.02,10.36,3.47,11.26,0.11,0.33,3.19,0.36,28.57,30.83,30.42,19.72,0.22,1.78,0.08,0.08,0.11,0.0,2.17,0.28,1.17,0.17,42.4,78.8,64.47,63.9,36.4,15.7,24.2,23.6,10.78,2.19,20.4,1.25,9.25,14.6,40.4,5.92,0.97,0.11,16.43,7.28,1.83,3.13,8.19,1.11,0.03,1.53,0.03,3.58,0.19,0.64,0.17,10.08,1.81,0.08,0.08,10.61,1.97,0.0,0.19,1.72,1.56,0.16,14.94,5.14,11.52,0.1,69.14,88.71,0.47,5.0,0.44,27.42,33.46,28.12,42.4,18,9,45,5,29,51.5,48.4,29.17,0.28,1.11,0.19,0.17,0.39,0.0,3.67,0.44,0.81,0.06,,,,
4,17,2025/26,England,Premier League,Nottm Forest,https://omo.akamai.opta.net/image.php?secure=true&h=omo.akamai.opta.net&sport=football&entity=team&description=badges&dimensions=150&id=1qtaiy11gswx327s0vkibf70n,36,1.25,1.18,0.07,12.5,4.08,10.0,0.09,0.25,3.33,0.22,20.0,26.67,18.7,22.14,0.17,1.58,0.08,0.08,0.33,0.0,2.36,0.25,0.94,0.11,46.7,82.1,89.08,72.9,35.3,17.3,23.5,23.9,16.72,3.42,20.4,0.94,9.94,14.1,41.4,5.92,0.89,0.08,15.02,8.64,1.8,3.31,8.8,2.08,0.11,1.39,0.11,4.03,0.11,0.94,0.22,11.28,1.61,0.03,0.08,10.31,1.75,0.03,0.17,1.31,1.44,-0.13,12.78,4.19,10.22,0.11,66.74,74.47,0.36,4.36,0.41,27.66,34.13,28.7,46.7,17,8,47,4,26,50.7,47.1,25.78,0.28,0.94,0.17,0.14,0.33,0.03,2.64,0.17,0.83,0.14,,,,
4,6,2025/26,England,Premier League,Spurs,https://omo.akamai.opta.net/image.php?secure=true&h=omo.akamai.opta.net&sport=football&entity=team&description=badges&dimensions=150&id=22doj4sgsocqpxw45h607udje,36,1.28,1.05,0.23,11.31,3.92,11.3,0.09,0.5,4.22,0.38,39.13,37.35,36.14,24.14,0.25,1.58,0.0,0.0,0.31,0.0,2.39,0.36,0.42,0.06,50.2,81.3,76.53,69.0,33.7,15.7,24.0,26.6,14.69,3.28,22.3,0.72,11.08,10.8,41.6,6.56,0.81,0.11,12.29,8.5,1.78,3.17,8.84,1.69,0.03,1.42,0.03,4.36,0.14,1.22,0.36,9.69,2.58,0.11,0.0,11.58,1.78,0.03,0.08,1.53,1.42,0.1,12.44,4.08,12.28,0.11,67.86,78.18,0.25,4.06,0.44,16.36,32.59,30.72,50.2,20,8,49,4,27,50.3,46.9,24.86,0.14,1.83,0.08,0.08,0.36,0.03,2.5,0.17,0.56,0.03,,,,
4,56,2025/26,England,Premier League,Sunderland,https://omo.akamai.opta.net/image.php?secure=true&h=omo.akamai.opta.net&sport=football&entity=team&description=badges&dimensions=150&id=1r3545b2dzan8yqa80gtmcjch,36,1.03,1.01,0.02,10.22,3.36,10.05,0.1,0.25,3.89,0.32,24.32,38.04,31.29,19.92,0.31,1.44,0.14,0.11,0.19,0.0,1.81,0.19,0.53,0.08,44.7,79.0,67.69,63.5,37.4,16.3,23.5,22.7,11.56,2.03,17.6,1.28,10.89,13.2,40.8,6.5,1.08,0.11,16.67,7.08,1.77,3.06,8.34,1.11,0.06,0.75,0.06,3.58,0.19,1.03,0.25,10.64,2.14,0.08,0.14,10.25,1.83,0.03,0.08,1.28,1.46,-0.18,14.5,4.5,8.81,0.1,64.75,82.61,0.36,4.36,0.33,28.26,30.08,22.51,44.7,15,8,45,5,31,50.6,49.4,29.31,0.39,1.19,0.08,0.06,0.42,0.0,2.53,0.31,0.94,0.19,,,,
4,39,2025/26,England,Premier League,Wolves,https://omo.akamai.opta.net/image.php?secure=true&h=omo.akamai.opta.net&sport=football&entity=team&description=badges&dimensions=150&id=b9si1jn1lfxfund69e9ogcu2n,36,0.69,0.89,-0.2,9.53,3.22,7.29,0.09,0.19,3.44,0.29,28.0,36.15,32.93,19.72,0.33,1.36,0.11,0.06,0.5,0.0,2.53,0.14,0.44,0.06,43.4,79.8,59.22,64.2,34.8,16.8,24.5,23.9,13.97,3.78,27.0,0.75,9.06,13.3,39.8,5.44,0.67,0.08,12.24,6.86,1.8,3.1,8.32,0.94,0.0,0.83,0.03,4.11,0.17,1.11,0.42,10.72,2.06,0.08,0.11,12.56,1.67,0.08,0.11,1.83,1.58,0.25,13.89,4.61,13.2,0.11,67.0,81.82,0.31,4.42,0.47,16.67,31.8,29.49,43.4,19,8,46,4,29,50.5,47.4,27.67,0.39,1.36,0.11,0.11,0.42,0.03,2.61,0.33,1.0,0.17,,,,
4,90,2025/26,England,Premier League,Burnley,https://omo.akamai.opta.net/image.php?secure=true&h=omo.akamai.opta.net&sport=football&entity=team&description=badges&dimensions=150&id=64bxxwu2mv2qqlv0monbkj1om,36,1.03,0.87,0.16,9.28,3.06,11.08,0.09,0.19,3.47,0.3,18.92,37.43,34.73,16.94,0.25,1.58,0.06,0.06,0.39,0.0,1.58,0.17,0.58,0.03,41.6,78.7,65.0,64.3,34.6,15.5,25.4,24.4,9.47,1.89,19.9,1.0,9.92,14.3,40.1,5.56,0.86,0.11,15.5,7.53,1.78,3.18,7.98,1.06,0.14,1.28,0.03,4.53,0.22,0.89,0.31,8.78,1.64,0.08,0.06,9.81,1.17,0.03,0.19,2.03,2.0,0.03,16.86,5.81,12.03,0.12,66.56,86.3,0.36,4.47,0.48,17.81,26.52,23.94,41.6,17,9,46,5,31,47.7,45.9,33.47,0.36,1.42,0.19,0.17,0.33,0.0,3.14,0.39,0.94,0.19,,,,
5,127,2025/26,Italy,Serie A,Inter,https://omo.akamai.opta.net/image.php?secure=true&h=omo.akamai.opta.net&sport=football&entity=team&description=badges&dimensions=150&id=3vo5mpj7catp66nrwwqiuhuup,36,2.36,1.88,0.48,17.28,6.06,13.67,0.11,0.58,4.81,0.45,24.71,27.81,23.94,34.08,0.56,1.69,0.17,0.14,0.33,0.0,3.83,0.53,0.94,0.11,59.4,87.6,129.56,79.0,27.8,14.4,29.3,28.5,16.89,4.31,25.5,0.94,12.61,10.8,44.2,7.36,1.47,0.19,20.0,16.67,1.8,4.51,12.07,4.39,0.22,1.78,0.11,4.92,0.36,0.5,0.06,10.31,1.72,0.0,0.17,12.28,1.61,0.11,0.11,0.86,0.9,-0.04,8.94,2.86,9.63,0.1,61.18,87.1,0.14,2.08,0.18,16.13,23.29,20.29,59.4,15,7,45,3,18,50.8,56.2,15.22,0.17,1.58,0.11,0.11,0.25,0.0,1.42,0.08,0.89,0.17,,,,
5,128,2025/26,Italy,Serie A,Juventus,https://omo.akamai.opta.net/image.php?secure=true&h=omo.akamai.opta.net&sport=football&entity=team&description=badges&dimensions=150&id=bqbbqm98ud8obe45ds9ohgyrd,36,1.64,1.81,-0.17,16.56,5.94,9.9,0.11,0.44,4.17,0.41,27.12,25.17,22.53,33.86,0.61,1.78,0.14,0.06,0.42,0.03,2.92,0.36,1.06,0.22,57.5,86.8,125.42,78.5,29.4,15.4,26.9,28.3,15.06,3.25,21.6,1.94,12.36,12.1,43.2,7.64,1.58,0.06,20.73,14.92,1.76,4.22,11.58,3.67,0.08,1.75,0.08,4.86,0.31,0.94,0.31,9.58,1.31,0.06,0.14,11.33,2.03,0.06,0.08,0.83,0.88,-0.05,10.17,2.72,8.2,0.09,59.84,76.67,0.11,3.17,0.23,13.33,31.15,25.58,57.5,16,7,49,3,17,51.8,50.8,17.17,0.28,0.56,0.08,0.03,0.42,0.0,1.69,0.08,0.94,0.08,,,,
5,120,2025/26,Italy,Serie A,Milan,https://omo.akamai.opta.net/image.php?secure=true&h=omo.akamai.opta.net&sport=football&entity=team&description=badges&dimensions=150&id=9dntj5dioj5ex52yrgwzxrq9l,36,1.39,1.59,-0.2,13.31,4.36,10.44,0.12,0.28,3.28,0.29,20.0,24.63,18.55,26.14,0.47,1.86,0.22,0.17,0.25,0.0,2.58,0.19,1.0,0.17,52.4,87.5,96.86,76.7,28.8,14.7,28.2,28.2,12.14,3.31,27.2,1.69,10.11,15.1,40.5,5.97,0.94,0.06,15.81,14.19,1.74,4.4,12.44,3.08,0.14,1.75,0.14,4.14,0.19,0.78,0.03,11.31,1.53,0.08,0.22,9.25,2.08,0.0,0.22,0.89,1.12,-0.23,11.17,3.56,7.96,0.1,60.95,93.75,0.17,2.64,0.28,18.75,23.63,25.19,52.4,15,6,44,3,21,52.5,51.7,20.03,0.17,1.19,0.22,0.14,0.17,0.0,2.06,0.17,0.78,0.06,,,,
5,1065,2025/26,Italy,Serie A,Como,https://omo.akamai.opta.net/image.php?secure=true&h=omo.akamai.opta.net&sport=football&entity=team&description=badges&dimensions=150&id=6uzfw7ahyxg4wrrfxo5u7qt0n,36,1.67,1.58,0.09,14.19,5.03,11.74,0.11,0.28,3.61,0.36,16.67,25.44,22.77,25.28,0.28,1.06,0.19,0.11,0.44,0.03,2.75,0.28,1.08,0.22,61.2,87.4,95.89,74.8,28.6,14.4,28.1,28.9,11.97,2.86,23.9,1.81,11.56,9.1,42.4,6.97,1.22,0.22,17.53,14.83,1.74,4.25,11.64,3.11,0.22,1.61,0.19,4.94,0.25,0.61,0.17,11.72,2.08,0.08,0.19,12.92,2.17,0.08,0.14,0.78,0.9,-0.12,9.25,3.19,8.41,0.1,64.56,78.57,0.17,2.97,0.21,21.43,32.13,23.4,61.2,16,7,46,3,19,48.5,55.9,17.39,0.08,2.61,0.14,0.11,0.33,0.0,1.53,0.11,0.83,0.14,,,,
5,456,2025/26,Italy,Serie A,Atalanta,https://omo.akamai.opta.net/image.php?secure=true&h=omo.akamai.opta.net&sport=football&entity=team&description=badges&dimensions=150&id=e75syeuawg3ql8nwpi3vr2btz,36,1.39,1.55,-0.17,14.75,4.67,9.42,0.1,0.28,4.08,0.35,20.0,27.68,22.24,28.42,0.42,1.94,0.08,0.08,0.22,0.0,2.72,0.19,1.36,0.11,55.3,84.7,109.56,75.7,31.5,13.7,27.6,27.1,13.14,3.19,24.3,1.0,11.0,12.2,41.3,6.08,0.94,0.06,15.53,12.53,1.78,3.92,10.75,2.86,0.06,1.97,0.03,4.75,0.28,0.44,0.17,9.67,1.53,0.06,0.08,10.83,1.44,0.06,0.11,0.94,1.15,-0.21,11.83,3.97,7.98,0.1,63.15,82.35,0.31,3.69,0.34,32.35,31.22,29.92,55.3,16,8,49,3,21,49.9,48.6,20.75,0.19,1.44,0.11,0.06,0.28,0.0,2.42,0.17,0.83,0.11,,,,
5,125,2025/26,Italy,Serie A,Fiorentina,https://omo.akamai.opta.net/image.php?secure=true&h=omo.akamai.opta.net&sport=football&entity=team&description=badges&dimensions=150&id=4raiad4l2j5lkfaz92pk4osb,36,1.06,1.44,-0.38,13.0,3.42,8.12,0.11,0.14,3.64,0.35,13.16,27.99,24.35,21.75,0.39,1.61,0.17,0.17,0.56,0.03,2.44,0.11,0.78,0.08,51.5,84.6,75.03,71.0,30.5,14.2,27.1,28.2,14.22,2.89,20.3,1.33,9.47,13.2,40.7,5.08,0.92,0.08,18.03,9.75,1.8,3.7,10.19,2.11,0.08,1.19,0.08,4.58,0.08,0.58,0.17,15.03,2.14,0.06,0.17,11.89,2.11,0.11,0.17,1.36,1.29,0.07,12.97,4.5,10.49,0.1,68.09,79.59,0.42,4.08,0.38,30.61,31.48,29.75,51.5,12,7,42,4,22,51.8,45.5,22.92,0.17,0.83,0.17,0.14,0.33,0.0,2.97,0.36,1.0,0.08,,,,
5,121,2025/26,Italy,Serie A,Roma,https://omo.akamai.opta.net/image.php?secure=true&h=omo.akamai.opta.net&sport=football&entity=team&description=badges&dimensions=150&id=2tk2l9sgktwc9jhzqdd4mpdtb,36,1.53,1.4,0.13,13.0,4.56,11.75,0.11,0.33,4.03,0.32,21.82,30.98,23.07,27.08,0.28,1.72,0.17,0.14,0.42,0.0,2.61,0.28,0.97,0.17,56.2,83.6,108.56,73.8,32.4,13.8,26.3,27.5,12.94,2.61,20.2,1.44,12.78,10.2,43.6,7.22,1.03,0.11,14.23,11.47,1.82,3.78,9.7,2.22,0.11,1.11,0.03,4.67,0.22,0.58,0.08,13.33,1.75,0.06,0.17,13.19,2.03,0.08,0.03,0.86,1.05,-0.19,9.89,3.69,8.71,0.11,59.55,74.19,0.33,3.03,0.33,38.71,30.62,31.25,56.2,15,9,49,3,22,47.0,51.6,17.06,0.36,1.61,0.03,0.03,0.31,0.03,1.25,0.08,1.17,0.11,,,,
5,459,2025/26,Italy,Serie A,Napoli,https://omo.akamai.opta.net/image.php?secure=true&h=omo.akamai.opta.net&sport=football&entity=team&description=badges&dimensions=150&id=gi0l1habji5hpgar77dl5jqe,36,1.5,1.35,0.15,13.28,4.67,11.3,0.1,0.31,3.22,0.32,20.37,24.27,23.96,24.58,0.47,1.39,0.14,0.11,0.36,0.03,2.25,0.25,0.72,0.08,58.2,86.9,101.39,74.5,28.6,15.1,28.2,28.2,13.56,2.81,20.7,1.53,11.03,13.3,43.0,5.58,0.94,0.03,16.91,15.58,1.57,4.54,12.22,3.06,0.17,1.39,0.08,4.33,0.11,0.58,0.11,11.44,1.25,0.06,0.14,10.78,1.64,0.11,0.28,1.0,1.04,-0.04,10.42,3.06,9.6,0.1,56.53,94.44,0.17,2.64,0.2,16.67,25.33,18.98,58.2,12,6,46,3,17,48.9,52.0,15.56,0.17,1.03,0.28,0.19,0.28,0.0,1.89,0.14,1.11,0.08,,,,
5,135,2025/26,Italy,Serie A,Torino,https://omo.akamai.opta.net/image.php?secure=true&h=omo.akamai.opta.net&sport=football&entity=team&description=badges&dimensions=150&id=7gnly6999wao1xarwct4p8fe9,36,1.14,1.22,-0.08,11.86,3.97,9.6,0.1,0.14,2.94,0.24,12.2,24.82,19.26,20.03,0.22,1.72,0.19,0.14,0.25,0.0,2.53,0.25,1.33,0.25,43.9,79.8,63.42,65.0,35.2,14.5,24.7,25.6,13.0,2.86,22.0,0.61,9.67,14.1,41.2,5.64,0.94,0.08,16.75,7.0,1.81,3.21,8.67,1.03,0.06,1.31,0.11,4.92,0.19,0.69,0.36,9.97,1.94,0.03,0.19,13.31,1.42,0.0,0.11,1.64,1.42,0.22,13.81,4.56,11.87,0.1,64.79,83.05,0.28,4.17,0.33,16.95,30.18,23.48,43.9,16,8,43,4,27,48.7,49.1,23.61,0.11,1.22,0.11,0.11,0.47,0.0,3.0,0.28,1.0,0.17,,,,
5,990,2025/26,Italy,Serie A,Genoa,https://omo.akamai.opta.net/image.php?secure=true&h=omo.akamai.opta.net&sport=football&entity=team&description=badges&dimensions=150&id=4kumqzwifv478caxed8zywlh3,36,1.11,1.2,-0.09,11.56,3.89,9.62,0.1,0.42,4.28,0.34,37.5,37.02,27.94,17.83,0.19,1.31,0.25,0.14,0.58,0.06,2.33,0.11,0.39,0.0,47.8,80.3,58.64,64.2,34.4,13.9,25.7,26.0,11.03,2.31,20.9,0.69,10.31,11.1,43.5,6.86,1.11,0.06,16.19,7.06,1.77,3.09,8.59,0.97,0.0,0.64,0.03,4.58,0.25,0.44,0.22,14.14,1.64,0.08,0.25,11.94,2.31,0.17,0.17,1.33,1.26,0.07,13.03,4.22,10.23,0.1,68.23,89.58,0.39,4.31,0.32,29.17,33.05,25.36,47.8,17,7,42,4,26,52.3,47.2,23.36,0.19,1.53,0.17,0.17,0.31,0.0,2.86,0.33,0.69,0.03,,,,
5,123,2025/26,Italy,Serie A,Bologna,https://omo.akamai.opta.net/image.php?secure=true&h=omo.akamai.opta.net&sport=football&entity=team&description=badges&dimensions=150&id=ej5er0oyngdw138yuumwqbyqt,36,1.25,1.19,0.06,13.03,3.81,9.59,0.09,0.19,3.83,0.29,15.56,29.42,24.21,21.94,0.5,1.94,0.19,0.14,0.33,0.03,2.19,0.08,0.94,0.06,55.3,83.0,79.03,70.4,32.9,15.9,26.1,25.2,13.94,3.5,25.1,0.83,10.03,11.2,42.7,6.03,0.97,0.17,16.13,9.39,1.62,3.53,10.13,2.06,0.14,1.5,0.08,4.97,0.19,0.78,0.19,13.94,1.72,0.17,0.19,12.61,1.86,0.14,0.11,1.19,1.2,-0.0,10.22,3.75,11.68,0.12,67.39,81.4,0.25,3.11,0.29,20.93,30.43,24.39,55.3,14,7,45,3,23,51.7,50.1,18.42,0.36,2.42,0.11,0.11,0.42,0.03,1.92,0.17,0.81,0.19,,,,
5,129,2025/26,Italy,Serie A,Lazio,https://omo.akamai.opta.net/image.php?secure=true&h=omo.akamai.opta.net&sport=football&entity=team&description=badges&dimensions=150&id=btcy9nra9ak4m22ovr2ia6m5v,36,1.08,1.15,-0.07,11.0,4.0,9.85,0.1,0.11,2.86,0.22,10.26,26.01,19.23,19.19,0.39,0.92,0.14,0.11,0.33,0.0,1.61,0.08,0.69,0.11,50.3,86.6,80.06,73.3,33.3,16.9,24.9,24.9,8.81,1.81,20.5,1.08,8.25,16.9,41.5,5.0,0.72,0.11,14.44,13.97,1.61,4.41,11.36,2.61,0.06,1.11,0.08,4.67,0.22,0.92,0.14,13.86,1.97,0.22,0.14,9.78,2.42,0.08,0.14,1.03,1.25,-0.22,13.39,4.19,7.68,0.09,63.28,86.49,0.22,3.39,0.26,21.62,25.31,20.75,50.3,13,8,42,4,20,51.5,51.0,21.94,0.22,1.5,0.14,0.08,0.36,0.03,2.31,0.17,0.61,0.0,,,,
5,136,2025/26,Italy,Serie A,Udinese,https://omo.akamai.opta.net/image.php?secure=true&h=omo.akamai.opta.net&sport=football&entity=team&description=badges&dimensions=150&id=dxq76zcvnokq07cszdx0i6kve,36,1.25,1.15,0.1,11.64,3.92,10.74,0.1,0.31,3.53,0.23,24.44,30.31,20.02,20.42,0.33,1.39,0.14,0.14,0.47,0.03,1.83,0.25,1.22,0.17,45.5,81.0,64.19,67.6,34.9,14.5,25.6,24.9,9.83,1.78,18.1,0.47,9.36,12.2,41.7,5.78,0.97,0.03,16.83,6.94,1.76,3.07,9.09,0.97,0.06,1.39,0.08,4.86,0.08,0.75,0.22,11.0,1.86,0.03,0.14,12.61,1.72,0.03,0.19,1.28,1.41,-0.13,13.36,3.83,9.56,0.11,63.83,84.78,0.28,3.94,0.25,21.74,29.52,18.03,45.5,16,8,43,4,28,48.6,53.1,23.11,0.39,1.78,0.19,0.17,0.5,0.08,2.39,0.22,0.69,0.08,,,,
5,2182,2025/26,Italy,Serie A,Sassuolo,https://omo.akamai.opta.net/image.php?secure=true&h=omo.akamai.opta.net&sport=football&entity=team&description=badges&dimensions=150&id=6tuibxq39fdryu8ou06wcm0q3,36,1.22,1.12,0.1,10.67,3.75,11.46,0.1,0.36,2.78,0.3,29.55,26.04,26.39,19.39,0.25,1.72,0.11,0.06,0.47,0.03,1.67,0.11,1.06,0.22,45.3,82.9,70.14,68.2,32.9,15.0,26.4,25.7,8.06,2.22,27.6,1.08,9.33,15.4,38.7,5.06,0.94,0.11,18.68,8.97,1.87,3.52,9.89,1.69,0.14,1.92,0.17,4.75,0.11,0.72,0.14,12.22,2.19,0.11,0.11,11.28,1.81,0.08,0.17,1.28,1.5,-0.22,14.47,4.97,8.83,0.1,63.34,84.78,0.28,3.0,0.21,21.74,20.73,13.88,45.3,14,8,45,4,26,48.6,47.1,25.5,0.14,1.39,0.17,0.14,0.44,0.03,2.47,0.31,1.08,0.11,,,,
5,2170,2025/26,Italy,Serie A,Pisa,https://omo.akamai.opta.net/image.php?secure=true&h=omo.akamai.opta.net&sport=football&entity=team&description=badges&dimensions=150&id=bfztlrr6176xsdt2bmp0u1d2d,36,0.69,1.03,-0.34,9.78,2.83,7.1,0.11,0.22,3.56,0.22,32.0,36.36,21.6,18.36,0.33,1.72,0.19,0.17,0.11,0.0,2.75,0.11,0.81,0.06,40.4,76.8,52.11,61.2,39.3,13.7,23.9,23.1,12.81,2.94,23.0,0.75,10.67,14.2,40.5,5.86,0.81,0.08,13.74,4.5,1.99,2.76,7.39,0.61,0.0,1.14,0.03,4.81,0.14,0.61,0.14,11.08,2.03,0.14,0.19,12.53,1.47,0.06,0.17,1.83,1.59,0.25,14.53,4.58,12.62,0.11,66.73,84.85,0.31,4.69,0.36,16.67,32.31,22.68,40.4,17,9,45,4,27,48.7,53.9,27.39,0.36,1.28,0.17,0.14,0.42,0.03,2.44,0.22,1.19,0.31,,,,
5,124,2025/26,Italy,Serie A,Cagliari,https://omo.akamai.opta.net/image.php?secure=true&h=omo.akamai.opta.net&sport=football&entity=team&description=badges&dimensions=150&id=5rwlg5cfv1hu7yf0ek1zxpzy3,36,1.0,0.95,0.05,10.47,3.28,9.55,0.09,0.25,3.42,0.3,25.0,32.63,31.83,16.0,0.22,1.67,0.06,0.06,0.42,0.0,1.94,0.28,0.92,0.17,45.4,81.0,51.39,63.0,34.6,13.0,25.0,27.3,9.69,2.19,22.6,0.89,7.64,15.8,38.1,3.81,0.53,0.03,13.87,6.69,1.87,3.28,8.4,1.06,0.08,1.53,0.17,4.64,0.28,0.72,0.17,14.19,2.06,0.06,0.06,13.39,1.56,0.11,0.06,1.42,1.4,0.01,12.92,4.72,10.97,0.11,66.67,86.27,0.42,4.53,0.45,29.41,35.05,31.8,45.4,16,9,44,4,25,51.4,45.6,24.64,0.19,1.31,0.06,0.06,0.5,0.06,2.56,0.14,0.75,0.17,,,,
5,2174,2025/26,Italy,Serie A,Cremonese,https://omo.akamai.opta.net/image.php?secure=true&h=omo.akamai.opta.net&sport=football&entity=team&description=badges&dimensions=150&id=af91jdcs6x0bqkmdb78rokod2,36,0.83,0.95,-0.11,9.25,3.33,9.01,0.1,0.22,3.19,0.25,26.67,34.53,26.1,14.14,0.19,1.53,0.08,0.08,0.17,0.0,2.11,0.17,0.83,0.11,47.1,79.5,55.83,61.9,36.1,15.2,23.9,24.8,13.42,2.42,18.0,0.64,9.08,14.5,39.1,4.67,0.83,0.06,17.86,7.31,1.74,3.3,8.68,0.83,0.0,1.28,0.06,4.75,0.17,0.69,0.31,12.28,1.83,0.08,0.08,12.94,1.39,0.11,0.14,1.47,1.53,-0.05,15.78,5.22,9.33,0.1,65.67,83.02,0.22,4.39,0.32,15.09,27.82,21.03,47.1,15,7,42,5,28,49.5,49.1,26.69,0.22,1.92,0.14,0.08,0.42,0.0,2.86,0.28,1.14,0.19,,,,
5,126,2025/26,Italy,Serie A,Verona,https://omo.akamai.opta.net/image.php?secure=true&h=omo.akamai.opta.net&sport=football&entity=team&description=badges&dimensions=150&id=ap6blbxhq9elm62vw6tutzlwg,36,0.67,0.93,-0.27,11.11,3.69,6.0,0.08,0.17,3.25,0.19,25.0,29.25,20.65,16.86,0.28,1.75,0.08,0.08,0.33,0.0,1.69,0.03,1.25,0.19,40.8,75.3,59.17,60.2,40.2,14.3,23.1,22.5,10.92,2.33,21.4,0.83,10.64,12.8,41.4,5.31,0.92,0.06,17.28,4.42,1.92,2.72,7.1,0.44,0.0,1.81,0.17,4.58,0.06,0.44,0.22,8.89,2.22,0.11,0.08,15.17,1.58,0.03,0.11,1.61,1.27,0.35,13.25,4.08,12.16,0.1,58.07,79.31,0.5,4.92,0.37,31.03,37.11,29.4,40.8,18,10,47,5,29,48.8,46.7,21.72,0.31,1.36,0.11,0.06,0.67,0.03,2.69,0.33,1.17,0.22,,,,
5,131,2025/26,Italy,Serie A,Parma,https://omo.akamai.opta.net/image.php?secure=true&h=omo.akamai.opta.net&sport=football&entity=team&description=badges&dimensions=150&id=5aosfavi55p40c65lkriqnqnl,36,0.75,0.85,-0.1,10.81,2.75,6.94,0.08,0.22,4.42,0.32,29.63,40.87,38.12,15.69,0.28,1.25,0.06,0.06,0.36,0.0,2.03,0.22,0.53,0.03,44.1,80.7,61.11,64.0,34.4,13.6,25.6,26.5,11.47,2.06,17.9,0.42,9.0,14.4,39.1,4.53,0.81,0.11,17.79,7.61,1.85,3.21,8.78,1.25,0.0,0.89,0.03,4.42,0.14,0.47,0.17,12.81,1.58,0.14,0.06,10.08,1.78,0.22,0.17,1.25,1.47,-0.22,14.14,4.33,8.84,0.1,65.23,77.78,0.25,3.56,0.32,20.0,25.15,21.63,44.1,14,7,41,4,25,50.1,49.9,29.08,0.36,2.11,0.17,0.14,0.33,0.0,3.31,0.11,0.89,0.14,,,,
5,130,2025/26,Italy,Serie A,Lecce,https://omo.akamai.opta.net/image.php?secure=true&h=omo.akamai.opta.net&sport=football&entity=team&description=badges&dimensions=150&id=bi1fxjrncd0ram0oi7ja1jyuo,36,0.67,0.8,-0.14,9.81,2.42,6.8,0.08,0.31,3.5,0.29,45.83,35.69,35.84,16.22,0.19,1.14,0.06,0.03,0.56,0.06,2.0,0.19,0.75,0.06,42.3,75.2,60.58,61.9,40.1,14.1,23.2,22.6,11.69,2.25,19.2,0.25,11.17,12.7,42.9,6.39,0.83,0.08,13.04,3.33,1.97,2.54,6.78,0.47,0.0,1.14,0.08,4.53,0.14,0.75,0.14,13.39,1.75,0.06,0.06,12.06,1.69,0.03,0.17,1.33,1.53,-0.2,12.81,4.31,10.41,0.12,72.23,93.75,0.36,4.08,0.4,27.08,31.89,26.08,42.3,18,7,45,4,30,49.6,47.8,25.72,0.28,2.44,0.17,0.11,0.19,0.0,2.78,0.33,1.06,0.14,,,,
